Timestamp,CPU_Temp,CPU_Load,CPU_Clock,CPU_Power,CPU_Voltage,GPU_Temp,GPU_Load,GPU_Clock,GPU_Power,GPU_Voltage,RAM_Used,RAM_Available
2025-05-23 02:07:51,65,5,38,2,3900,45,2,1,25,55,3,29,1,1500,65,1,0,98,8400,7920
2025-05-23 02:07:52,65,5,38,2,3900,45,2,1,25,55,3,29,1,1500,65,1,0,98,8400,7920
2025-05-23 02:07:53,65,5,38,2,3900,45,2,1,25,55,3,29,1,1500,65,1,0,98,8400,7920
2025-05-23 02:07:54,65,5,38,2,3900,45,2,1,25,55,3,29,1,1500,65,1,0,98,8400,7920
2025-05-23 02:07:55,65,5,38,2,3900,45,2,1,25,55,3,29,1,1500,65,1,0,98,8400,7920
2025-05-23 02:07:56,65,5,38,2,3900,45,2,1,25,55,3,29,1,1500,65,1,0,98,8400,7920
2025-05-23 02:07:57,65,5,38,2,3900,45,2,1,25,55,3,29,1,1500,65,1,0,98,8400,7920
2025-05-23 02:07:58,65,5,38,2,3900,45,2,1,25,55,3,29,1,1500,65,1,0,98,8400,7920
2025-05-23 02:07:59,65,5,38,2,3900,45,2,1,25,55,3,29,1,1500,65,1,0,98,8400,7920
2025-05-23 02:08:00,65,5,38,2,3900,45,2,1,25,55,3,29,1,1500,65,1,0,98,8400,7920
2025-05-23 02:08:01,65,5,38,2,3900,45,2,1,25,55,3,29,1,1500,65,1,0,98,8400,7920
2025-05-23 02:08:02,65,5,38,2,3900,45,2,1,25,55,3,29,1,1500,65,1,0,98,8400,7920
2025-05-23 02:08:03,65,5,38,2,3900,45,2,1,25,55,3,29,1,1500,65,1,0,98,8400,7920
2025-05-23 02:08:04,65,5,38,2,3900,45,2,1,25,55,3,29,1,1500,65,1,0,98,8400,7920
2025-05-23 02:08:05,65,5,38,2,3900,45,2,1,25,55,3,29,1,1500,65,1,0,98,8400,7920
2025-05-23 02:08:06,65,5,38,2,3900,45,2,1,25,55,3,29,1,1500,65,1,0,98,8400,7920
2025-05-23 02:08:07,65,5,38,2,3900,45,2,1,25,55,3,29,1,1500,65,1,0,98,8400,7920
2025-05-23 02:08:08,65,5,38,2,3900,45,2,1,25,55,3,29,1,1500,65,1,0,98,8400,7920
2025-05-23 02:08:09,65,5,38,2,3900,45,2,1,25,55,3,29,1,1500,65,1,0,98,8400,7920
2025-05-23 02:08:10,65,5,38,2,3900,45,2,1,25,55,3,29,1,1500,65,1,0,98,8400,7920
2025-05-23 02:08:11,65,5,38,2,3900,45,2,1,25,55,3,29,1,1500,65,1,0,98,8400,7920
2025-05-23 02:08:12,65,5,38,2,3900,45,2,1,25,55,3,29,1,1500,65,1,0,98,8400,7920
2025-05-23 02:08:13,65,5,38,2,3900,45,2,1,25,55,3,29,1,1500,65,1,0,98,8400,7920
2025-05-23 02:08:14,65,5,38,2,3900,45,2,1,25,55,3,29,1,1500,65,1,0,98,8400,7920
2025-05-23 02:08:15,65,5,38,2,3900,45,2,1,25,55,3,29,1,1500,65,1,0,98,8400,7920
2025-05-23 02:08:16,65,5,38,2,3900,45,2,1,25,55,3,29,1,1500,65,1,0,98,8400,7920
2025-05-23 02:08:17,65,5,38,2,3900,45,2,1,25,55,3,29,1,1500,65,1,0,98,8400,7920
2025-05-23 02:08:18,65,5,38,2,3900,45,2,1,25,55,3,29,1,1500,65,1,0,98,8400,7920
2025-05-23 02:08:19,65,5,38,2,3900,45,2,1,25,55,3,29,1,1500,65,1,0,98,8400,7920
2025-05-23 02:08:20,65,5,38,2,3900,45,2,1,25,55,3,29,1,1500,65,1,0,98,8400,7920
2025-05-23 02:08:21,65,5,38,2,3900,45,2,1,25,55,3,29,1,1500,65,1,0,98,8400,7920
2025-05-23 02:08:22,65,5,38,2,3900,45,2,1,25,55,3,29,1,1500,65,1,0,98,8400,7920
2025-05-23 02:08:23,65,5,38,2,3900,45,2,1,25,55,3,29,1,1500,65,1,0,98,8400,7920
2025-05-23 02:08:24,65,5,38,2,3900,45,2,1,25,55,3,29,1,1500,65,1,0,98,8400,7920
2025-05-23 02:08:25,65,5,38,2,3900,45,2,1,25,55,3,29,1,1500,65,1,0,98,8400,7920
2025-05-23 02:08:26,65,5,38,2,3900,45,2,1,25,55,3,29,1,1500,65,1,0,98,8400,7920
2025-05-23 02:08:27,65,5,38,2,3900,45,2,1,25,55,3,29,1,1500,65,1,0,98,8400,7920
2025-05-23 02:08:28,65,5,38,2,3900,45,2,1,25,55,3,29,1,1500,65,1,0,98,8400,7920
2025-05-23 02:08:29,65,5,38,2,3900,45,2,1,25,55,3,29,1,1500,65,1,0,98,8400,7920
2025-05-23 02:08:30,65,5,38,2,3900,45,2,1,25,55,3,29,1,1500,65,1,0,98,8400,7920
2025-05-23 02:08:31,65,5,38,2,3900,45,2,1,25,55,3,29,1,1500,65,1,0,98,8400,7920
2025-05-23 02:08:32,65,5,38,2,3900,45,2,1,25,55,3,29,1,1500,65,1,0,98,8400,7920
2025-05-23 02:08:33,65,5,38,2,3900,45,2,1,25,55,3,29,1,1500,65,1,0,98,8400,7920
2025-05-23 02:08:34,65,5,38,2,3900,45,2,1,25,55,3,29,1,1500,65,1,0,98,8400,7920
2025-05-23 02:08:35,65,5,38,2,3900,45,2,1,25,55,3,29,1,1500,65,1,0,98,8400,7920
2025-05-23 02:08:36,65,5,38,2,3900,45,2,1,25,55,3,29,1,1500,65,1,0,98,8400,7920
2025-05-23 02:08:37,65,5,38,2,3900,45,2,1,25,55,3,29,1,1500,65,1,0,98,8400,7920
2025-05-23 02:08:38,65,5,38,2,3900,45,2,1,25,55,3,29,1,1500,65,1,0,98,8400,7920
2025-05-23 02:08:39,65,5,38,2,3900,45,2,1,25,55,3,29,1,1500,65,1,0,98,8400,7920
2025-05-23 02:08:39,65,5,38,2,3900,45,2,1,25,55,3,29,1,1500,65,1,0,98,8400,7920
2025-05-23 02:08:40,65,5,38,2,3900,45,2,1,25,55,3,29,1,1500,65,1,0,98,8400,7920
2025-05-23 02:08:40,65,5,38,2,3900,45,2,1,25,55,3,29,1,1500,65,1,0,98,8400,7920
2025-05-23 02:08:41,65,5,38,2,3900,45,2,1,25,55,3,29,1,1500,65,1,0,98,8400,7920
2025-05-23 02:08:41,65,5,38,2,3900,45,2,1,25,55,3,29,1,1500,65,1,0,98,8400,7920
2025-05-23 02:08:42,65,5,38,2,3900,45,2,1,25,55,3,29,1,1500,65,1,0,98,8400,7920
2025-05-23 02:08:42,65,5,38,2,3900,45,2,1,25,55,3,29,1,1500,65,1,0,98,8400,7920
2025-05-23 02:08:43,65,5,38,2,3900,45,2,1,25,55,3,29,1,1500,65,1,0,98,8400,7920
2025-05-23 02:08:43,65,5,38,2,3900,45,2,1,25,55,3,29,1,1500,65,1,0,98,8400,7920
2025-05-23 02:08:44,65,5,38,2,3900,45,2,1,25,55,3,29,1,1500,65,1,0,98,8400,7920
2025-05-23 02:08:44,65,5,38,2,3900,45,2,1,25,55,3,29,1,1500,65,1,0,98,8400,7920
2025-05-23 02:08:45,65,5,38,2,3900,45,2,1,25,55,3,29,1,1500,65,1,0,98,8400,7920
2025-05-23 02:08:45,65,5,38,2,3900,45,2,1,25,55,3,29,1,1500,65,1,0,98,8400,7920
2025-05-23 02:08:46,65,5,38,2,3900,45,2,1,25,55,3,29,1,1500,65,1,0,98,8400,7920
2025-05-23 02:08:46,65,5,38,2,3900,45,2,1,25,55,3,29,1,1500,65,1,0,98,8400,7920
2025-05-23 02:08:47,65,5,38,2,3900,45,2,1,25,55,3,29,1,1500,65,1,0,98,8400,7920
2025-05-23 02:08:47,65,5,38,2,3900,45,2,1,25,55,3,29,1,1500,65,1,0,98,8400,7920
2025-05-23 02:08:48,65,5,38,2,3900,45,2,1,25,55,3,29,1,1500,65,1,0,98,8400,7920
2025-05-23 02:08:48,65,5,38,2,3900,45,2,1,25,55,3,29,1,1500,65,1,0,98,8400,7920
2025-05-23 02:08:49,65,5,38,2,3900,45,2,1,25,55,3,29,1,1500,65,1,0,98,8400,7920
2025-05-23 02:08:49,65,5,38,2,3900,45,2,1,25,55,3,29,1,1500,65,1,0,98,8400,7920
2025-05-23 02:08:50,65,5,38,2,3900,45,2,1,25,55,3,29,1,1500,65,1,0,98,8400,7920
2025-05-23 02:08:50,65,5,38,2,3900,45,2,1,25,55,3,29,1,1500,65,1,0,98,8400,7920
2025-05-23 02:08:51,65,5,38,2,3900,45,2,1,25,55,3,29,1,1500,65,1,0,98,8400,7920
2025-05-23 02:08:51,65,5,38,2,3900,45,2,1,25,55,3,29,1,1500,65,1,0,98,8400,7920
2025-05-23 02:08:52,65,5,38,2,3900,45,2,1,25,55,3,29,1,1500,65,1,0,98,8400,7920
2025-05-23 02:08:52,65,5,38,2,3900,45,2,1,25,55,3,29,1,1500,65,1,0,98,8400,7920
2025-05-23 02:08:53,65,5,38,2,3900,45,2,1,25,55,3,29,1,1500,65,1,0,98,8400,7920
2025-05-23 02:08:53,65,5,38,2,3900,45,2,1,25,55,3,29,1,1500,65,1,0,98,8400,7920
2025-05-23 02:08:54,65,5,38,2,3900,45,2,1,25,55,3,29,1,1500,65,1,0,98,8400,7920
2025-05-23 02:08:54,65,5,38,2,3900,45,2,1,25,55,3,29,1,1500,65,1,0,98,8400,7920
2025-05-23 02:08:55,65,5,38,2,3900,45,2,1,25,55,3,29,1,1500,65,1,0,98,8400,7920
2025-05-23 02:08:55,65,5,38,2,3900,45,2,1,25,55,3,29,1,1500,65,1,0,98,8400,7920
2025-05-23 02:08:56,65,5,38,2,3900,45,2,1,25,55,3,29,1,1500,65,1,0,98,8400,7920
2025-05-23 02:08:56,65,5,38,2,3900,45,2,1,25,55,3,29,1,1500,65,1,0,98,8400,7920
2025-05-23 02:08:57,65,5,38,2,3900,45,2,1,25,55,3,29,1,1500,65,1,0,98,8400,7920
2025-05-23 02:08:57,65,5,38,2,3900,45,2,1,25,55,3,29,1,1500,65,1,0,98,8400,7920
2025-05-23 02:08:58,65,5,38,2,3900,45,2,1,25,55,3,29,1,1500,65,1,0,98,8400,7920
2025-05-23 02:08:58,65,5,38,2,3900,45,2,1,25,55,3,29,1,1500,65,1,0,98,8400,7920
2025-05-23 02:08:59,65,5,38,2,3900,45,2,1,25,55,3,29,1,1500,65,1,0,98,8400,7920
2025-05-23 02:08:59,65,5,38,2,3900,45,2,1,25,55,3,29,1,1500,65,1,0,98,8400,7920
2025-05-23 02:09:00,65,5,38,2,3900,45,2,1,25,55,3,29,1,1500,65,1,0,98,8400,7920
2025-05-23 02:09:00,65,5,38,2,3900,45,2,1,25,55,3,29,1,1500,65,1,0,98,8400,7920
2025-05-23 02:09:01,65,5,38,2,3900,45,2,1,25,55,3,29,1,1500,65,1,0,98,8400,7920
2025-05-23 02:09:01,65,5,38,2,3900,45,2,1,25,55,3,29,1,1500,65,1,0,98,8400,7920
2025-05-23 02:09:02,65,5,38,2,3900,45,2,1,25,55,3,29,1,1500,65,1,0,98,8400,7920
2025-05-23 02:09:03,65,5,38,2,3900,45,2,1,25,55,3,29,1,1500,65,1,0,98,8400,7920
2025-05-23 02:09:04,65,5,38,2,3900,45,2,1,25,55,3,29,1,1500,65,1,0,98,8400,7920
2025-05-23 02:09:05,65,5,38,2,3900,45,2,1,25,55,3,29,1,1500,65,1,0,98,8400,7920
2025-05-23 02:09:06,65,5,38,2,3900,45,2,1,25,55,3,29,1,1500,65,1,0,98,8400,7920
2025-05-23 02:09:07,65,5,38,2,3900,45,2,1,25,55,3,29,1,1500,65,1,0,98,8400,7920
2025-05-23 02:09:08,65,5,38,2,3900,45,2,1,25,55,3,29,1,1500,65,1,0,98,8400,7920
2025-05-23 02:09:09,65,5,38,2,3900,45,2,1,25,55,3,29,1,1500,65,1,0,98,8400,7920
2025-05-23 02:09:10,65,5,38,2,3900,45,2,1,25,55,3,29,1,1500,65,1,0,98,8400,7920
2025-05-23 02:09:11,65,5,38,2,3900,45,2,1,25,55,3,29,1,1500,65,1,0,98,8400,7920
2025-05-23 02:09:12,65,5,38,2,3900,45,2,1,25,55,3,29,1,1500,65,1,0,98,8400,7920
2025-05-23 02:09:13,65,5,38,2,3900,45,2,1,25,55,3,29,1,1500,65,1,0,98,8400,7920
2025-05-23 02:09:14,65,5,38,2,3900,45,2,1,25,55,3,29,1,1500,65,1,0,98,8400,7920
2025-05-23 02:09:15,65,5,38,2,3900,45,2,1,25,55,3,29,1,1500,65,1,0,98,8400,7920
2025-05-23 02:09:16,65,5,38,2,3900,45,2,1,25,55,3,29,1,1500,65,1,0,98,8400,7920
2025-05-23 02:09:17,65,5,38,2,3900,45,2,1,25,55,3,29,1,1500,65,1,0,98,8400,7920
2025-05-23 02:09:18,65,5,38,2,3900,45,2,1,25,55,3,29,1,1500,65,1,0,98,8400,7920
2025-05-23 02:09:19,65,5,38,2,3900,45,2,1,25,55,3,29,1,1500,65,1,0,98,8400,7920
2025-05-23 02:09:20,65,5,38,2,3900,45,2,1,25,55,3,29,1,1500,65,1,0,98,8400,7920
2025-05-23 02:09:21,65,5,38,2,3900,45,2,1,25,55,3,29,1,1500,65,1,0,98,8400,7920
2025-05-23 02:09:22,65,5,38,2,3900,45,2,1,25,55,3,29,1,1500,65,1,0,98,8400,7920
2025-05-23 02:09:23,65,5,38,2,3900,45,2,1,25,55,3,29,1,1500,65,1,0,98,8400,7920
2025-05-23 02:09:24,65,5,38,2,3900,45,2,1,25,55,3,29,1,1500,65,1,0,98,8400,7920
2025-05-23 02:09:25,65,5,38,2,3900,45,2,1,25,55,3,29,1,1500,65,1,0,98,8400,7920
2025-05-23 02:09:26,65,5,38,2,3900,45,2,1,25,55,3,29,1,1500,65,1,0,98,8400,7920
2025-05-23 02:09:27,65,5,38,2,3900,45,2,1,25,55,3,29,1,1500,65,1,0,98,8400,7920
2025-05-23 02:09:28,65,5,38,2,3900,45,2,1,25,55,3,29,1,1500,65,1,0,98,8400,7920
2025-05-23 02:09:29,65,5,38,2,3900,45,2,1,25,55,3,29,1,1500,65,1,0,98,8400,7920
2025-05-23 02:09:30,65,5,38,2,3900,45,2,1,25,55,3,29,1,1500,65,1,0,98,8400,7920
2025-05-23 02:09:31,65,5,38,2,3900,45,2,1,25,55,3,29,1,1500,65,1,0,98,8400,7920
2025-05-23 02:09:32,65,5,38,2,3900,45,2,1,25,55,3,29,1,1500,65,1,0,98,8400,7920
2025-05-23 02:09:33,65,5,38,2,3900,45,2,1,25,55,3,29,1,1500,65,1,0,98,8400,7920
2025-05-23 02:09:34,65,5,38,2,3900,45,2,1,25,55,3,29,1,1500,65,1,0,98,8400,7920
2025-05-23 02:09:35,65,5,38,2,3900,45,2,1,25,55,3,29,1,1500,65,1,0,98,8400,7920
2025-05-23 02:09:36,65,5,38,2,3900,45,2,1,25,55,3,29,1,1500,65,1,0,98,8400,7920
2025-05-23 02:09:37,65,5,38,2,3900,45,2,1,25,55,3,29,1,1500,65,1,0,98,8400,7920
2025-05-23 02:09:38,65,5,38,2,3900,45,2,1,25,55,3,29,1,1500,65,1,0,98,8400,7920
2025-05-23 02:09:39,65,5,38,2,3900,45,2,1,25,55,3,29,1,1500,65,1,0,98,8400,7920
2025-05-23 02:09:40,65,5,38,2,3900,45,2,1,25,55,3,29,1,1500,65,1,0,98,8400,7920
2025-05-23 02:09:41,65,5,38,2,3900,45,2,1,25,55,3,29,1,1500,65,1,0,98,8400,7920
2025-05-23 02:09:42,65,5,38,2,3900,45,2,1,25,55,3,29,1,1500,65,1,0,98,8400,7920
2025-05-23 02:09:43,65,5,38,2,3900,45,2,1,25,55,3,29,1,1500,65,1,0,98,8400,7920
2025-05-23 02:09:44,65,5,38,2,3900,45,2,1,25,55,3,29,1,1500,65,1,0,98,8400,7920
2025-05-23 02:09:45,65,5,38,2,3900,45,2,1,25,55,3,29,1,1500,65,1,0,98,8400,7920
2025-05-23 02:09:46,65,5,38,2,3900,45,2,1,25,55,3,29,1,1500,65,1,0,98,8400,7920
2025-05-23 02:09:47,65,5,38,2,3900,45,2,1,25,55,3,29,1,1500,65,1,0,98,8400,7920
2025-05-23 02:09:48,65,5,38,2,3900,45,2,1,25,55,3,29,1,1500,65,1,0,98,8400,7920
2025-05-23 02:09:49,65,5,38,2,3900,45,2,1,25,55,3,29,1,1500,65,1,0,98,8400,7920
2025-05-23 02:09:50,65,5,38,2,3900,45,2,1,25,55,3,29,1,1500,65,1,0,98,8400,7920
2025-05-23 02:09:51,65,5,38,2,3900,45,2,1,25,55,3,29,1,1500,65,1,0,98,8400,7920
2025-05-23 02:09:52,65,5,38,2,3900,45,2,1,25,55,3,29,1,1500,65,1,0,98,8400,7920
2025-05-23 02:09:53,65,5,38,2,3900,45,2,1,25,55,3,29,1,1500,65,1,0,98,8400,7920
2025-05-23 02:09:54,65,5,38,2,3900,45,2,1,25,55,3,29,1,1500,65,1,0,98,8400,7920
2025-05-23 02:09:55,65,5,38,2,3900,45,2,1,25,55,3,29,1,1500,65,1,0,98,8400,7920
2025-05-23 02:09:56,65,5,38,2,3900,45,2,1,25,55,3,29,1,1500,65,1,0,98,8400,7920
2025-05-23 02:09:57,65,5,38,2,3900,45,2,1,25,55,3,29,1,1500,65,1,0,98,8400,7920
2025-05-23 02:09:58,65,5,38,2,3900,45,2,1,25,55,3,29,1,1500,65,1,0,98,8400,7920
2025-05-23 02:09:59,65,5,38,2,3900,45,2,1,25,55,3,29,1,1500,65,1,0,98,8400,7920
2025-05-23 02:10:00,65,5,38,2,3900,45,2,1,25,55,3,29,1,1500,65,1,0,98,8400,7920
2025-05-23 02:10:01,65,5,38,2,3900,45,2,1,25,55,3,29,1,1500,65,1,0,98,8400,7920
2025-05-23 02:10:02,65,5,38,2,3900,45,2,1,25,55,3,29,1,1500,65,1,0,98,8400,7920
2025-05-23 02:10:03,65,5,38,2,3900,45,2,1,25,55,3,29,1,1500,65,1,0,98,8400,7920
2025-05-23 02:10:04,65,5,38,2,3900,45,2,1,25,55,3,29,1,1500,65,1,0,98,8400,7920
2025-05-23 02:10:05,65,5,38,2,3900,45,2,1,25,55,3,29,1,1500,65,1,0,98,8400,7920
2025-05-23 02:10:06,65,5,38,2,3900,45,2,1,25,55,3,29,1,1500,65,1,0,98,8400,7920
2025-05-23 02:10:07,65,5,38,2,3900,45,2,1,25,55,3,29,1,1500,65,1,0,98,8400,7920
2025-05-23 02:10:08,65,5,38,2,3900,45,2,1,25,55,3,29,1,1500,65,1,0,98,8400,7920
2025-05-23 02:10:09,65,5,38,2,3900,45,2,1,25,55,3,29,1,1500,65,1,0,98,8400,7920
2025-05-23 02:10:10,65,5,38,2,3900,45,2,1,25,55,3,29,1,1500,65,1,0,98,8400,7920
2025-05-23 02:10:11,65,5,38,2,3900,45,2,1,25,55,3,29,1,1500,65,1,0,98,8400,7920
2025-05-23 02:10:12,65,5,38,2,3900,45,2,1,25,55,3,29,1,1500,65,1,0,98,8400,7920
2025-05-23 02:10:13,65,5,38,2,3900,45,2,1,25,55,3,29,1,1500,65,1,0,98,8400,7920
2025-05-23 02:10:14,65,5,38,2,3900,45,2,1,25,55,3,29,1,1500,65,1,0,98,8400,7920
2025-05-23 02:10:15,65,5,38,2,3900,45,2,1,25,55,3,29,1,1500,65,1,0,98,8400,7920
2025-05-23 02:10:16,65,5,38,2,3900,45,2,1,25,55,3,29,1,1500,65,1,0,98,8400,7920
2025-05-23 02:10:17,65,5,38,2,3900,45,2,1,25,55,3,29,1,1500,65,1,0,98,8400,7920
2025-05-23 02:10:18,65,5,38,2,3900,45,2,1,25,55,3,29,1,1500,65,1,0,98,8400,7920
2025-05-23 02:10:19,65,5,38,2,3900,45,2,1,25,55,3,29,1,1500,65,1,0,98,8400,7920
2025-05-23 02:10:20,65,5,38,2,3900,45,2,1,25,55,3,29,1,1500,65,1,0,98,8400,7920
2025-05-23 02:10:21,65,5,38,2,3900,45,2,1,25,55,3,29,1,1500,65,1,0,98,8400,7920
2025-05-23 02:10:22,65,5,38,2,3900,45,2,1,25,55,3,29,1,1500,65,1,0,98,8400,7920
2025-05-23 02:10:23,65,5,38,2,3900,45,2,1,25,55,3,29,1,1500,65,1,0,98,8400,7920
2025-05-23 02:10:24,65,5,38,2,3900,45,2,1,25,55,3,29,1,1500,65,1,0,98,8400,7920
2025-05-23 02:10:25,65,5,38,2,3900,45,2,1,25,55,3,29,1,1500,65,1,0,98,8400,7920
2025-05-23 02:10:26,65,5,38,2,3900,45,2,1,25,55,3,29,1,1500,65,1,0,98,8400,7920
2025-05-23 02:10:27,65,5,38,2,3900,45,2,1,25,55,3,29,1,1500,65,1,0,98,8400,7920
2025-05-23 02:10:28,65,5,38,2,3900,45,2,1,25,55,3,29,1,1500,65,1,0,98,8400,7920
2025-05-23 02:10:29,65,5,38,2,3900,45,2,1,25,55,3,29,1,1500,65,1,0,98,8400,7920
2025-05-23 02:10:30,65,5,38,2,3900,45,2,1,25,55,3,29,1,1500,65,1,0,98,8400,7920
2025-05-23 02:10:31,65,5,38,2,3900,45,2,1,25,55,3,29,1,1500,65,1,0,98,8400,7920
2025-05-23 02:10:32,65,5,38,2,3900,45,2,1,25,55,3,29,1,1500,65,1,0,98,8400,7920
2025-05-23 02:10:33,65,5,38,2,3900,45,2,1,25,55,3,29,1,1500,65,1,0,98,8400,7920
2025-05-23 02:10:34,65,5,38,2,3900,45,2,1,25,55,3,29,1,1500,65,1,0,98,8400,7920
2025-05-23 02:10:35,65,5,38,2,3900,45,2,1,25,55,3,29,1,1500,65,1,0,98,8400,7920
2025-05-23 02:10:36,65,5,38,2,3900,45,2,1,25,55,3,29,1,1500,65,1,0,98,8400,7920
2025-05-23 02:10:37,65,5,38,2,3900,45,2,1,25,55,3,29,1,1500,65,1,0,98,8400,7920
2025-05-23 02:10:38,65,5,38,2,3900,45,2,1,25,55,3,29,1,1500,65,1,0,98,8400,7920
2025-05-23 02:10:39,65,5,38,2,3900,45,2,1,25,55,3,29,1,1500,65,1,0,98,8400,7920
2025-05-23 02:10:40,65,5,38,2,3900,45,2,1,25,55,3,29,1,1500,65,1,0,98,8400,7920
2025-05-23 02:10:41,65,5,38,2,3900,45,2,1,25,55,3,29,1,1500,65,1,0,98,8400,7920
2025-05-23 02:10:42,65,5,38,2,3900,45,2,1,25,55,3,29,1,1500,65,1,0,98,8400,7920
2025-05-23 02:10:43,65,5,38,2,3900,45,2,1,25,55,3,29,1,1500,65,1,0,98,8400,7920
2025-05-23 02:10:44,65,5,38,2,3900,45,2,1,25,55,3,29,1,1500,65,1,0,98,8400,7920
2025-05-23 02:10:45,65,5,38,2,3900,45,2,1,25,55,3,29,1,1500,65,1,0,98,8400,7920
2025-05-23 02:10:46,65,5,38,2,3900,45,2,1,25,55,3,29,1,1500,65,1,0,98,8400,7920
2025-05-23 02:10:47,65,5,38,2,3900,45,2,1,25,55,3,29,1,1500,65,1,0,98,8400,7920
2025-05-23 02:10:48,65,5,38,2,3900,45,2,1,25,55,3,29,1,1500,65,1,0,98,8400,7920
2025-05-23 02:10:49,65,5,38,2,3900,45,2,1,25,55,3,29,1,1500,65,1,0,98,8400,7920
2025-05-23 02:10:50,65,5,38,2,3900,45,2,1,25,55,3,29,1,1500,65,1,0,98,8400,7920
2025-05-23 02:10:51,65,5,38,2,3900,45,2,1,25,55,3,29,1,1500,65,1,0,98,8400,7920
2025-05-23 02:10:52,65,5,38,2,3900,45,2,1,25,55,3,29,1,1500,65,1,0,98,8400,7920
2025-05-23 02:10:53,65,5,38,2,3900,45,2,1,25,55,3,29,1,1500,65,1,0,98,8400,7920
2025-05-23 02:10:54,65,5,38,2,3900,45,2,1,25,55,3,29,1,1500,65,1,0,98,8400,7920
2025-05-23 02:10:55,65,5,38,2,3900,45,2,1,25,55,3,29,1,1500,65,1,0,98,8400,7920
2025-05-23 02:10:56,65,5,38,2,3900,45,2,1,25,55,3,29,1,1500,65,1,0,98,8400,7920
2025-05-23 02:10:57,65,5,38,2,3900,45,2,1,25,55,3,29,1,1500,65,1,0,98,8400,7920
2025-05-23 02:10:58,65,5,38,2,3900,45,2,1,25,55,3,29,1,1500,65,1,0,98,8400,7920
2025-05-23 02:10:59,65,5,38,2,3900,45,2,1,25,55,3,29,1,1500,65,1,0,98,8400,7920
2025-05-23 02:11:00,65,5,38,2,3900,45,2,1,25,55,3,29,1,1500,65,1,0,98,8400,7920
2025-05-23 02:11:01,65,5,38,2,3900,45,2,1,25,55,3,29,1,1500,65,1,0,98,8400,7920
2025-05-23 02:11:02,65,5,38,2,3900,45,2,1,25,55,3,29,1,1500,65,1,0,98,8400,7920
2025-05-23 02:11:03,65,5,38,2,3900,45,2,1,25,55,3,29,1,1500,65,1,0,98,8400,7920
2025-05-23 02:11:04,65,5,38,2,3900,45,2,1,25,55,3,29,1,1500,65,1,0,98,8400,7920
2025-05-23 02:11:05,65,5,38,2,3900,45,2,1,25,55,3,29,1,1500,65,1,0,98,8400,7920
2025-05-23 02:11:06,65,5,38,2,3900,45,2,1,25,55,3,29,1,1500,65,1,0,98,8400,7920
2025-05-23 02:11:07,65,5,38,2,3900,45,2,1,25,55,3,29,1,1500,65,1,0,98,8400,7920
2025-05-23 02:11:08,65,5,38,2,3900,45,2,1,25,55,3,29,1,1500,65,1,0,98,8400,7920
2025-05-23 02:11:09,65,5,38,2,3900,45,2,1,25,55,3,29,1,1500,65,1,0,98,8400,7920
2025-05-23 02:11:10,65,5,38,2,3900,45,2,1,25,55,3,29,1,1500,65,1,0,98,8400,7920
2025-05-23 02:11:11,65,5,38,2,3900,45,2,1,25,55,3,29,1,1500,65,1,0,98,8400,7920
2025-05-23 02:11:12,65,5,38,2,3900,45,2,1,25,55,3,29,1,1500,65,1,0,98,8400,7920
2025-05-23 02:11:13,65,5,38,2,3900,45,2,1,25,55,3,29,1,1500,65,1,0,98,8400,7920
2025-05-23 02:11:14,65,5,38,2,3900,45,2,1,25,55,3,29,1,1500,65,1,0,98,8400,7920
2025-05-23 02:11:15,65,5,38,2,3900,45,2,1,25,55,3,29,1,1500,65,1,0,98,8400,7920
2025-05-23 02:11:16,65,5,38,2,3900,45,2,1,25,55,3,29,1,1500,65,1,0,98,8400,7920
2025-05-23 02:11:17,65,5,38,2,3900,45,2,1,25,55,3,29,1,1500,65,1,0,98,8400,7920
2025-05-23 02:11:18,65,5,38,2,3900,45,2,1,25,55,3,29,1,1500,65,1,0,98,8400,7920
2025-05-23 02:11:19,65,5,38,2,3900,45,2,1,25,55,3,29,1,1500,65,1,0,98,8400,7920
2025-05-23 02:11:20,65,5,38,2,3900,45,2,1,25,55,3,29,1,1500,65,1,0,98,8400,7920
2025-05-23 02:11:21,65,5,38,2,3900,45,2,1,25,55,3,29,1,1500,65,1,0,98,8400,7920
2025-05-23 02:11:22,65,5,38,2,3900,45,2,1,25,55,3,29,1,1500,65,1,0,98,8400,7920
2025-05-23 02:11:23,65,5,38,2,3900,45,2,1,25,55,3,29,1,1500,65,1,0,98,8400,7920
2025-05-23 02:11:24,65,5,38,2,3900,45,2,1,25,55,3,29,1,1500,65,1,0,98,8400,7920
2025-05-23 02:11:25,65,5,38,2,3900,45,2,1,25,55,3,29,1,1500,65,1,0,98,8400,7920
2025-05-23 02:11:26,65,5,38,2,3900,45,2,1,25,55,3,29,1,1500,65,1,0,98,8400,7920
2025-05-23 02:11:27,65,5,38,2,3900,45,2,1,25,55,3,29,1,1500,65,1,0,98,8400,7920
2025-05-23 02:11:28,65,5,38,2,3900,45,2,1,25,55,3,29,1,1500,65,1,0,98,8400,7920
2025-05-23 02:11:29,65,5,38,2,3900,45,2,1,25,55,3,29,1,1500,65,1,0,98,8400,7920
2025-05-23 02:11:30,65,5,38,2,3900,45,2,1,25,55,3,29,1,1500,65,1,0,98,8400,7920
2025-05-23 02:11:31,65,5,38,2,3900,45,2,1,25,55,3,29,1,1500,65,1,0,98,8400,7920
2025-05-23 02:11:32,65,5,38,2,3900,45,2,1,25,55,3,29,1,1500,65,1,0,98,8400,7920
2025-05-23 02:11:33,65,5,38,2,3900,45,2,1,25,55,3,29,1,1500,65,1,0,98,8400,7920
2025-05-23 02:11:34,65,5,38,2,3900,45,2,1,25,55,3,29,1,1500,65,1,0,98,8400,7920
2025-05-23 02:11:35,65,5,38,2,3900,45,2,1,25,55,3,29,1,1500,65,1,0,98,8400,7920
2025-05-23 02:11:36,65,5,38,2,3900,45,2,1,25,55,3,29,1,1500,65,1,0,98,8400,7920
2025-05-23 02:11:37,65,5,38,2,3900,45,2,1,25,55,3,29,1,1500,65,1,0,98,8400,7920
2025-05-23 02:11:38,65,5,38,2,3900,45,2,1,25,55,3,29,1,1500,65,1,0,98,8400,7920
2025-05-23 02:11:39,65,5,38,2,3900,45,2,1,25,55,3,29,1,1500,65,1,0,98,8400,7920
2025-05-23 02:11:40,65,5,38,2,3900,45,2,1,25,55,3,29,1,1500,65,1,0,98,8400,7920
2025-05-23 02:11:41,65,5,38,2,3900,45,2,1,25,55,3,29,1,1500,65,1,0,98,8400,7920
2025-05-23 02:11:42,65,5,38,2,3900,45,2,1,25,55,3,29,1,1500,65,1,0,98,8400,7920
2025-05-23 02:11:43,65,5,38,2,3900,45,2,1,25,55,3,29,1,1500,65,1,0,98,8400,7920
2025-05-23 02:11:44,65,5,38,2,3900,45,2,1,25,55,3,29,1,1500,65,1,0,98,8400,7920
2025-05-23 02:11:45,65,5,38,2,3900,45,2,1,25,55,3,29,1,1500,65,1,0,98,8400,7920
2025-05-23 02:11:46,65,5,38,2,3900,45,2,1,25,55,3,29,1,1500,65,1,0,98,8400,7920
2025-05-23 02:11:47,65,5,38,2,3900,45,2,1,25,55,3,29,1,1500,65,1,0,98,8400,7920
2025-05-23 02:11:48,65,5,38,2,3900,45,2,1,25,55,3,29,1,1500,65,1,0,98,8400,7920
2025-05-23 02:11:49,65,5,38,2,3900,45,2,1,25,55,3,29,1,1500,65,1,0,98,8400,7920
2025-05-23 02:11:50,65,5,38,2,3900,45,2,1,25,55,3,29,1,1500,65,1,0,98,8400,7920
2025-05-23 02:11:51,65,5,38,2,3900,45,2,1,25,55,3,29,1,1500,65,1,0,98,8400,7920
2025-05-23 02:11:52,65,5,38,2,3900,45,2,1,25,55,3,29,1,1500,65,1,0,98,8400,7920
2025-05-23 02:11:53,65,5,38,2,3900,45,2,1,25,55,3,29,1,1500,65,1,0,98,8400,7920
2025-05-23 02:11:54,65,5,38,2,3900,45,2,1,25,55,3,29,1,1500,65,1,0,98,8400,7920
2025-05-23 02:11:55,65,5,38,2,3900,45,2,1,25,55,3,29,1,1500,65,1,0,98,8400,7920
2025-05-23 02:11:56,65,5,38,2,3900,45,2,1,25,55,3,29,1,1500,65,1,0,98,8400,7920
2025-05-23 02:11:57,65,5,38,2,3900,45,2,1,25,55,3,29,1,1500,65,1,0,98,8400,7920
2025-05-23 02:11:58,65,5,38,2,3900,45,2,1,25,55,3,29,1,1500,65,1,0,98,8400,7920
2025-05-23 02:11:59,65,5,38,2,3900,45,2,1,25,55,3,29,1,1500,65,1,0,98,8400,7920
2025-05-23 02:12:00,65,5,38,2,3900,45,2,1,25,55,3,29,1,1500,65,1,0,98,8400,7920
2025-05-23 02:12:01,65,5,38,2,3900,45,2,1,25,55,3,29,1,1500,65,1,0,98,8400,7920
2025-05-23 02:12:02,65,5,38,2,3900,45,2,1,25,55,3,29,1,1500,65,1,0,98,8400,7920
2025-05-23 02:12:03,65,5,38,2,3900,45,2,1,25,55,3,29,1,1500,65,1,0,98,8400,7920
2025-05-23 02:12:04,65,5,38,2,3900,45,2,1,25,55,3,29,1,1500,65,1,0,98,8400,7920
2025-05-23 02:12:05,65,5,38,2,3900,45,2,1,25,55,3,29,1,1500,65,1,0,98,8400,7920
2025-05-23 02:12:06,65,5,38,2,3900,45,2,1,25,55,3,29,1,1500,65,1,0,98,8400,7920
Timestamp,CPU_Core 0 Temp,CPU_Core 1 Temp,CPU_Core 0 Load,CPU_Core 1 Load,CPU_CPU Voltage,CPU_CPU Power,GPU_GPU Temp,GPU_GPU Load,GPU_GPU Clock,GPU_GPU Voltage,RAM_Used,RAM_Free,RAM_Load,Disk_Read Speed,Disk_Write Speed,Disk_Used,Disk_Free,Fan_CPU Fan RPM,Fan_Chassis Fan RPM
2025-05-23 02:12:50,66,64,28,31,1,2,45,5,52,3,24,1530,0,9,8100,7900,50,3,105,98,240000,760000,2400,1800
2025-05-23 02:12:51,66,64,28,31,1,2,45,5,52,3,24,1530,0,9,8100,7900,50,3,105,98,240000,760000,2400,1800
2025-05-23 02:12:52,66,64,28,31,1,2,45,5,52,3,24,1530,0,9,8100,7900,50,3,105,98,240000,760000,2400,1800
2025-05-23 02:12:53,66,64,28,31,1,2,45,5,52,3,24,1530,0,9,8100,7900,50,3,105,98,240000,760000,2400,1800
2025-05-23 02:12:54,66,64,28,31,1,2,45,5,52,3,24,1530,0,9,8100,7900,50,3,105,98,240000,760000,2400,1800
2025-05-23 02:12:55,66,64,28,31,1,2,45,5,52,3,24,1530,0,9,8100,7900,50,3,105,98,240000,760000,2400,1800
2025-05-23 02:12:56,66,64,28,31,1,2,45,5,52,3,24,1530,0,9,8100,7900,50,3,105,98,240000,760000,2400,1800
2025-05-23 02:12:57,66,64,28,31,1,2,45,5,52,3,24,1530,0,9,8100,7900,50,3,105,98,240000,760000,2400,1800
2025-05-23 02:12:58,66,64,28,31,1,2,45,5,52,3,24,1530,0,9,8100,7900,50,3,105,98,240000,760000,2400,1800
2025-05-23 02:12:59,66,64,28,31,1,2,45,5,52,3,24,1530,0,9,8100,7900,50,3,105,98,240000,760000,2400,1800
2025-05-23 02:13:00,66,64,28,31,1,2,45,5,52,3,24,1530,0,9,8100,7900,50,3,105,98,240000,760000,2400,1800
2025-05-23 02:13:01,66,64,28,31,1,2,45,5,52,3,24,1530,0,9,8100,7900,50,3,105,98,240000,760000,2400,1800
2025-05-23 02:13:02,66,64,28,31,1,2,45,5,52,3,24,1530,0,9,8100,7900,50,3,105,98,240000,760000,2400,1800
2025-05-23 02:13:03,66,64,28,31,1,2,45,5,52,3,24,1530,0,9,8100,7900,50,3,105,98,240000,760000,2400,1800
2025-05-23 02:13:04,66,64,28,31,1,2,45,5,52,3,24,1530,0,9,8100,7900,50,3,105,98,240000,760000,2400,1800
2025-05-23 02:13:05,66,64,28,31,1,2,45,5,52,3,24,1530,0,9,8100,7900,50,3,105,98,240000,760000,2400,1800
2025-05-23 02:13:06,66,64,28,31,1,2,45,5,52,3,24,1530,0,9,8100,7900,50,3,105,98,240000,760000,2400,1800
2025-05-23 02:13:07,66,64,28,31,1,2,45,5,52,3,24,1530,0,9,8100,7900,50,3,105,98,240000,760000,2400,1800
2025-05-23 02:13:08,66,64,28,31,1,2,45,5,52,3,24,1530,0,9,8100,7900,50,3,105,98,240000,760000,2400,1800
2025-05-23 02:13:09,66,64,28,31,1,2,45,5,52,3,24,1530,0,9,8100,7900,50,3,105,98,240000,760000,2400,1800
2025-05-23 02:13:10,66,64,28,31,1,2,45,5,52,3,24,1530,0,9,8100,7900,50,3,105,98,240000,760000,2400,1800
2025-05-23 02:13:11,66,64,28,31,1,2,45,5,52,3,24,1530,0,9,8100,7900,50,3,105,98,240000,760000,2400,1800
2025-05-23 02:13:12,66,64,28,31,1,2,45,5,52,3,24,1530,0,9,8100,7900,50,3,105,98,240000,760000,2400,1800
2025-05-23 02:13:13,66,64,28,31,1,2,45,5,52,3,24,1530,0,9,8100,7900,50,3,105,98,240000,760000,2400,1800
2025-05-23 02:13:14,66,64,28,31,1,2,45,5,52,3,24,1530,0,9,8100,7900,50,3,105,98,240000,760000,2400,1800
2025-05-23 02:13:15,66,64,28,31,1,2,45,5,52,3,24,1530,0,9,8100,7900,50,3,105,98,240000,760000,2400,1800
2025-05-23 02:13:16,66,64,28,31,1,2,45,5,52,3,24,1530,0,9,8100,7900,50,3,105,98,240000,760000,2400,1800
2025-05-23 02:13:17,66,64,28,31,1,2,45,5,52,3,24,1530,0,9,8100,7900,50,3,105,98,240000,760000,2400,1800
2025-05-23 02:13:18,66,64,28,31,1,2,45,5,52,3,24,1530,0,9,8100,7900,50,3,105,98,240000,760000,2400,1800
2025-05-23 02:13:19,66,64,28,31,1,2,45,5,52,3,24,1530,0,9,8100,7900,50,3,105,98,240000,760000,2400,1800
2025-05-23 02:13:20,66,64,28,31,1,2,45,5,52,3,24,1530,0,9,8100,7900,50,3,105,98,240000,760000,2400,1800
2025-05-23 02:13:21,66,64,28,31,1,2,45,5,52,3,24,1530,0,9,8100,7900,50,3,105,98,240000,760000,2400,1800
2025-05-23 02:13:22,66,64,28,31,1,2,45,5,52,3,24,1530,0,9,8100,7900,50,3,105,98,240000,760000,2400,1800
2025-05-23 02:13:23,66,64,28,31,1,2,45,5,52,3,24,1530,0,9,8100,7900,50,3,105,98,240000,760000,2400,1800
2025-05-23 02:13:24,66,64,28,31,1,2,45,5,52,3,24,1530,0,9,8100,7900,50,3,105,98,240000,760000,2400,1800
2025-05-23 02:13:25,66,64,28,31,1,2,45,5,52,3,24,1530,0,9,8100,7900,50,3,105,98,240000,760000,2400,1800
2025-05-23 02:13:26,66,64,28,31,1,2,45,5,52,3,24,1530,0,9,8100,7900,50,3,105,98,240000,760000,2400,1800
2025-05-23 02:13:27,66,64,28,31,1,2,45,5,52,3,24,1530,0,9,8100,7900,50,3,105,98,240000,760000,2400,1800
2025-05-23 02:13:28,66,64,28,31,1,2,45,5,52,3,24,1530,0,9,8100,7900,50,3,105,98,240000,760000,2400,1800
2025-05-23 02:13:29,66,64,28,31,1,2,45,5,52,3,24,1530,0,9,8100,7900,50,3,105,98,240000,760000,2400,1800
2025-05-23 02:13:30,66,64,28,31,1,2,45,5,52,3,24,1530,0,9,8100,7900,50,3,105,98,240000,760000,2400,1800
2025-05-23 02:13:31,66,64,28,31,1,2,45,5,52,3,24,1530,0,9,8100,7900,50,3,105,98,240000,760000,2400,1800
2025-05-23 02:13:32,66,64,28,31,1,2,45,5,52,3,24,1530,0,9,8100,7900,50,3,105,98,240000,760000,2400,1800
2025-05-23 02:13:33,66,64,28,31,1,2,45,5,52,3,24,1530,0,9,8100,7900,50,3,105,98,240000,760000,2400,1800
2025-05-23 02:13:34,66,64,28,31,1,2,45,5,52,3,24,1530,0,9,8100,7900,50,3,105,98,240000,760000,2400,1800
2025-05-23 02:13:35,66,64,28,31,1,2,45,5,52,3,24,1530,0,9,8100,7900,50,3,105,98,240000,760000,2400,1800
2025-05-23 02:13:36,66,64,28,31,1,2,45,5,52,3,24,1530,0,9,8100,7900,50,3,105,98,240000,760000,2400,1800
2025-05-23 02:13:37,66,64,28,31,1,2,45,5,52,3,24,1530,0,9,8100,7900,50,3,105,98,240000,760000,2400,1800
2025-05-23 02:13:38,66,64,28,31,1,2,45,5,52,3,24,1530,0,9,8100,7900,50,3,105,98,240000,760000,2400,1800
2025-05-23 02:13:39,66,64,28,31,1,2,45,5,52,3,24,1530,0,9,8100,7900,50,3,105,98,240000,760000,2400,1800
2025-05-23 02:13:40,66,64,28,31,1,2,45,5,52,3,24,1530,0,9,8100,7900,50,3,105,98,240000,760000,2400,1800
2025-05-23 02:13:41,66,64,28,31,1,2,45,5,52,3,24,1530,0,9,8100,7900,50,3,105,98,240000,760000,2400,1800
2025-05-23 02:13:42,66,64,28,31,1,2,45,5,52,3,24,1530,0,9,8100,7900,50,3,105,98,240000,760000,2400,1800
2025-05-23 02:13:43,66,64,28,31,1,2,45,5,52,3,24,1530,0,9,8100,7900,50,3,105,98,240000,760000,2400,1800
2025-05-23 02:13:44,66,64,28,31,1,2,45,5,52,3,24,1530,0,9,8100,7900,50,3,105,98,240000,760000,2400,1800
2025-05-23 02:13:45,66,64,28,31,1,2,45,5,52,3,24,1530,0,9,8100,7900,50,3,105,98,240000,760000,2400,1800
2025-05-23 02:13:46,66,64,28,31,1,2,45,5,52,3,24,1530,0,9,8100,7900,50,3,105,98,240000,760000,2400,1800
2025-05-23 02:13:47,66,64,28,31,1,2,45,5,52,3,24,1530,0,9,8100,7900,50,3,105,98,240000,760000,2400,1800
2025-05-23 02:13:48,66,64,28,31,1,2,45,5,52,3,24,1530,0,9,8100,7900,50,3,105,98,240000,760000,2400,1800
2025-05-23 02:13:49,66,64,28,31,1,2,45,5,52,3,24,1530,0,9,8100,7900,50,3,105,98,240000,760000,2400,1800
2025-05-23 02:13:50,66,64,28,31,1,2,45,5,52,3,24,1530,0,9,8100,7900,50,3,105,98,240000,760000,2400,1800
2025-05-23 02:13:51,66,64,28,31,1,2,45,5,52,3,24,1530,0,9,8100,7900,50,3,105,98,240000,760000,2400,1800
2025-05-23 02:13:52,66,64,28,31,1,2,45,5,52,3,24,1530,0,9,8100,7900,50,3,105,98,240000,760000,2400,1800
2025-05-23 02:13:53,66,64,28,31,1,2,45,5,52,3,24,1530,0,9,8100,7900,50,3,105,98,240000,760000,2400,1800
2025-05-23 02:13:54,66,64,28,31,1,2,45,5,52,3,24,1530,0,9,8100,7900,50,3,105,98,240000,760000,2400,1800
2025-05-23 02:13:55,66,64,28,31,1,2,45,5,52,3,24,1530,0,9,8100,7900,50,3,105,98,240000,760000,2400,1800
2025-05-23 02:13:56,66,64,28,31,1,2,45,5,52,3,24,1530,0,9,8100,7900,50,3,105,98,240000,760000,2400,1800
2025-05-23 02:13:57,66,64,28,31,1,2,45,5,52,3,24,1530,0,9,8100,7900,50,3,105,98,240000,760000,2400,1800
2025-05-23 02:13:58,66,64,28,31,1,2,45,5,52,3,24,1530,0,9,8100,7900,50,3,105,98,240000,760000,2400,1800
2025-05-23 02:13:59,66,64,28,31,1,2,45,5,52,3,24,1530,0,9,8100,7900,50,3,105,98,240000,760000,2400,1800
2025-05-23 02:14:00,66,64,28,31,1,2,45,5,52,3,24,1530,0,9,8100,7900,50,3,105,98,240000,760000,2400,1800
2025-05-23 02:14:01,66,64,28,31,1,2,45,5,52,3,24,1530,0,9,8100,7900,50,3,105,98,240000,760000,2400,1800
2025-05-23 02:14:02,66,64,28,31,1,2,45,5,52,3,24,1530,0,9,8100,7900,50,3,105,98,240000,760000,2400,1800
2025-05-23 02:14:03,66,64,28,31,1,2,45,5,52,3,24,1530,0,9,8100,7900,50,3,105,98,240000,760000,2400,1800
2025-05-23 02:14:04,66,64,28,31,1,2,45,5,52,3,24,1530,0,9,8100,7900,50,3,105,98,240000,760000,2400,1800
2025-05-23 02:14:05,66,64,28,31,1,2,45,5,52,3,24,1530,0,9,8100,7900,50,3,105,98,240000,760000,2400,1800
2025-05-23 02:14:06,66,64,28,31,1,2,45,5,52,3,24,1530,0,9,8100,7900,50,3,105,98,240000,760000,2400,1800
2025-05-23 02:14:07,66,64,28,31,1,2,45,5,52,3,24,1530,0,9,8100,7900,50,3,105,98,240000,760000,2400,1800
2025-05-23 02:14:08,66,64,28,31,1,2,45,5,52,3,24,1530,0,9,8100,7900,50,3,105,98,240000,760000,2400,1800
2025-05-23 02:14:09,66,64,28,31,1,2,45,5,52,3,24,1530,0,9,8100,7900,50,3,105,98,240000,760000,2400,1800
2025-05-23 02:14:10,66,64,28,31,1,2,45,5,52,3,24,1530,0,9,8100,7900,50,3,105,98,240000,760000,2400,1800
2025-05-23 02:14:11,66,64,28,31,1,2,45,5,52,3,24,1530,0,9,8100,7900,50,3,105,98,240000,760000,2400,1800
2025-05-23 02:14:12,66,64,28,31,1,2,45,5,52,3,24,1530,0,9,8100,7900,50,3,105,98,240000,760000,2400,1800
2025-05-23 02:14:13,66,64,28,31,1,2,45,5,52,3,24,1530,0,9,8100,7900,50,3,105,98,240000,760000,2400,1800
2025-05-23 02:14:14,66,64,28,31,1,2,45,5,52,3,24,1530,0,9,8100,7900,50,3,105,98,240000,760000,2400,1800
2025-05-23 02:14:15,66,64,28,31,1,2,45,5,52,3,24,1530,0,9,8100,7900,50,3,105,98,240000,760000,2400,1800
2025-05-23 02:14:16,66,64,28,31,1,2,45,5,52,3,24,1530,0,9,8100,7900,50,3,105,98,240000,760000,2400,1800
2025-05-23 02:14:17,66,64,28,31,1,2,45,5,52,3,24,1530,0,9,8100,7900,50,3,105,98,240000,760000,2400,1800
2025-05-23 02:14:17,66,64,28,31,1,2,45,5,52,3,24,1530,0,9,8100,7900,50,3,105,98,240000,760000,2400,1800
2025-05-23 02:14:18,66,64,28,31,1,2,45,5,52,3,24,1530,0,9,8100,7900,50,3,105,98,240000,760000,2400,1800
2025-05-23 02:14:18,66,64,28,31,1,2,45,5,52,3,24,1530,0,9,8100,7900,50,3,105,98,240000,760000,2400,1800
2025-05-23 02:14:19,66,64,28,31,1,2,45,5,52,3,24,1530,0,9,8100,7900,50,3,105,98,240000,760000,2400,1800
2025-05-23 02:14:19,66,64,28,31,1,2,45,5,52,3,24,1530,0,9,8100,7900,50,3,105,98,240000,760000,2400,1800
2025-05-23 02:14:20,66,64,28,31,1,2,45,5,52,3,24,1530,0,9,8100,7900,50,3,105,98,240000,760000,2400,1800
2025-05-23 02:14:20,66,64,28,31,1,2,45,5,52,3,24,1530,0,9,8100,7900,50,3,105,98,240000,760000,2400,1800
2025-05-23 02:14:21,66,64,28,31,1,2,45,5,52,3,24,1530,0,9,8100,7900,50,3,105,98,240000,760000,2400,1800
2025-05-23 02:14:21,66,64,28,31,1,2,45,5,52,3,24,1530,0,9,8100,7900,50,3,105,98,240000,760000,2400,1800
2025-05-23 02:14:22,66,64,28,31,1,2,45,5,52,3,24,1530,0,9,8100,7900,50,3,105,98,240000,760000,2400,1800
2025-05-23 02:14:22,66,64,28,31,1,2,45,5,52,3,24,1530,0,9,8100,7900,50,3,105,98,240000,760000,2400,1800
2025-05-23 02:14:23,66,64,28,31,1,2,45,5,52,3,24,1530,0,9,8100,7900,50,3,105,98,240000,760000,2400,1800
2025-05-23 02:14:23,66,64,28,31,1,2,45,5,52,3,24,1530,0,9,8100,7900,50,3,105,98,240000,760000,2400,1800
2025-05-23 02:14:24,66,64,28,31,1,2,45,5,52,3,24,1530,0,9,8100,7900,50,3,105,98,240000,760000,2400,1800
2025-05-23 02:14:24,66,64,28,31,1,2,45,5,52,3,24,1530,0,9,8100,7900,50,3,105,98,240000,760000,2400,1800
2025-05-23 02:14:25,66,64,28,31,1,2,45,5,52,3,24,1530,0,9,8100,7900,50,3,105,98,240000,760000,2400,1800
2025-05-23 02:14:25,66,64,28,31,1,2,45,5,52,3,24,1530,0,9,8100,7900,50,3,105,98,240000,760000,2400,1800
2025-05-23 02:14:26,66,64,28,31,1,2,45,5,52,3,24,1530,0,9,8100,7900,50,3,105,98,240000,760000,2400,1800
2025-05-23 02:14:26,66,64,28,31,1,2,45,5,52,3,24,1530,0,9,8100,7900,50,3,105,98,240000,760000,2400,1800
2025-05-23 02:14:27,66,64,28,31,1,2,45,5,52,3,24,1530,0,9,8100,7900,50,3,105,98,240000,760000,2400,1800
2025-05-23 02:14:27,66,64,28,31,1,2,45,5,52,3,24,1530,0,9,8100,7900,50,3,105,98,240000,760000,2400,1800
2025-05-23 02:14:28,66,64,28,31,1,2,45,5,52,3,24,1530,0,9,8100,7900,50,3,105,98,240000,760000,2400,1800
2025-05-23 02:14:28,66,64,28,31,1,2,45,5,52,3,24,1530,0,9,8100,7900,50,3,105,98,240000,760000,2400,1800
2025-05-23 02:14:29,66,64,28,31,1,2,45,5,52,3,24,1530,0,9,8100,7900,50,3,105,98,240000,760000,2400,1800
2025-05-23 02:14:29,66,64,28,31,1,2,45,5,52,3,24,1530,0,9,8100,7900,50,3,105,98,240000,760000,2400,1800
2025-05-23 02:14:30,66,64,28,31,1,2,45,5,52,3,24,1530,0,9,8100,7900,50,3,105,98,240000,760000,2400,1800
2025-05-23 02:14:30,66,64,28,31,1,2,45,5,52,3,24,1530,0,9,8100,7900,50,3,105,98,240000,760000,2400,1800
2025-05-23 02:14:31,66,64,28,31,1,2,45,5,52,3,24,1530,0,9,8100,7900,50,3,105,98,240000,760000,2400,1800
2025-05-23 02:14:31,66,64,28,31,1,2,45,5,52,3,24,1530,0,9,8100,7900,50,3,105,98,240000,760000,2400,1800
2025-05-23 02:14:32,66,64,28,31,1,2,45,5,52,3,24,1530,0,9,8100,7900,50,3,105,98,240000,760000,2400,1800
2025-05-23 02:14:32,66,64,28,31,1,2,45,5,52,3,24,1530,0,9,8100,7900,50,3,105,98,240000,760000,2400,1800
2025-05-23 02:14:33,66,64,28,31,1,2,45,5,52,3,24,1530,0,9,8100,7900,50,3,105,98,240000,760000,2400,1800
2025-05-23 02:14:33,66,64,28,31,1,2,45,5,52,3,24,1530,0,9,8100,7900,50,3,105,98,240000,760000,2400,1800
2025-05-23 02:14:34,66,64,28,31,1,2,45,5,52,3,24,1530,0,9,8100,7900,50,3,105,98,240000,760000,2400,1800
2025-05-23 02:14:34,66,64,28,31,1,2,45,5,52,3,24,1530,0,9,8100,7900,50,3,105,98,240000,760000,2400,1800
2025-05-23 02:14:35,66,64,28,31,1,2,45,5,52,3,24,1530,0,9,8100,7900,50,3,105,98,240000,760000,2400,1800
2025-05-23 02:14:35,66,64,28,31,1,2,45,5,52,3,24,1530,0,9,8100,7900,50,3,105,98,240000,760000,2400,1800
2025-05-23 02:14:36,66,64,28,31,1,2,45,5,52,3,24,1530,0,9,8100,7900,50,3,105,98,240000,760000,2400,1800
2025-05-23 02:14:36,66,64,28,31,1,2,45,5,52,3,24,1530,0,9,8100,7900,50,3,105,98,240000,760000,2400,1800
2025-05-23 02:14:37,66,64,28,31,1,2,45,5,52,3,24,1530,0,9,8100,7900,50,3,105,98,240000,760000,2400,1800
2025-05-23 02:14:37,66,64,28,31,1,2,45,5,52,3,24,1530,0,9,8100,7900,50,3,105,98,240000,760000,2400,1800
2025-05-23 02:14:38,66,64,28,31,1,2,45,5,52,3,24,1530,0,9,8100,7900,50,3,105,98,240000,760000,2400,1800
2025-05-23 02:14:38,66,64,28,31,1,2,45,5,52,3,24,1530,0,9,8100,7900,50,3,105,98,240000,760000,2400,1800
2025-05-23 02:14:39,66,64,28,31,1,2,45,5,52,3,24,1530,0,9,8100,7900,50,3,105,98,240000,760000,2400,1800
2025-05-23 02:14:39,66,64,28,31,1,2,45,5,52,3,24,1530,0,9,8100,7900,50,3,105,98,240000,760000,2400,1800
2025-05-23 02:14:40,66,64,28,31,1,2,45,5,52,3,24,1530,0,9,8100,7900,50,3,105,98,240000,760000,2400,1800
2025-05-23 02:14:40,66,64,28,31,1,2,45,5,52,3,24,1530,0,9,8100,7900,50,3,105,98,240000,760000,2400,1800
2025-05-23 02:14:41,66,64,28,31,1,2,45,5,52,3,24,1530,0,9,8100,7900,50,3,105,98,240000,760000,2400,1800
2025-05-23 02:14:41,66,64,28,31,1,2,45,5,52,3,24,1530,0,9,8100,7900,50,3,105,98,240000,760000,2400,1800
2025-05-23 02:14:42,66,64,28,31,1,2,45,5,52,3,24,1530,0,9,8100,7900,50,3,105,98,240000,760000,2400,1800
2025-05-23 02:14:42,66,64,28,31,1,2,45,5,52,3,24,1530,0,9,8100,7900,50,3,105,98,240000,760000,2400,1800
2025-05-23 02:14:43,66,64,28,31,1,2,45,5,52,3,24,1530,0,9,8100,7900,50,3,105,98,240000,760000,2400,1800
2025-05-23 02:14:43,66,64,28,31,1,2,45,5,52,3,24,1530,0,9,8100,7900,50,3,105,98,240000,760000,2400,1800
2025-05-23 02:14:44,66,64,28,31,1,2,45,5,52,3,24,1530,0,9,8100,7900,50,3,105,98,240000,760000,2400,1800
2025-05-23 02:14:44,66,64,28,31,1,2,45,5,52,3,24,1530,0,9,8100,7900,50,3,105,98,240000,760000,2400,1800
2025-05-23 02:14:45,66,64,28,31,1,2,45,5,52,3,24,1530,0,9,8100,7900,50,3,105,98,240000,760000,2400,1800
2025-05-23 02:14:45,66,64,28,31,1,2,45,5,52,3,24,1530,0,9,8100,7900,50,3,105,98,240000,760000,2400,1800
2025-05-23 02:14:46,66,64,28,31,1,2,45,5,52,3,24,1530,0,9,8100,7900,50,3,105,98,240000,760000,2400,1800
2025-05-23 02:14:46,66,64,28,31,1,2,45,5,52,3,24,1530,0,9,8100,7900,50,3,105,98,240000,760000,2400,1800
2025-05-23 02:14:47,66,64,28,31,1,2,45,5,52,3,24,1530,0,9,8100,7900,50,3,105,98,240000,760000,2400,1800
2025-05-23 02:14:47,66,64,28,31,1,2,45,5,52,3,24,1530,0,9,8100,7900,50,3,105,98,240000,760000,2400,1800
2025-05-23 02:14:48,66,64,28,31,1,2,45,5,52,3,24,1530,0,9,8100,7900,50,3,105,98,240000,760000,2400,1800
2025-05-23 02:14:48,66,64,28,31,1,2,45,5,52,3,24,1530,0,9,8100,7900,50,3,105,98,240000,760000,2400,1800
2025-05-23 02:14:49,66,64,28,31,1,2,45,5,52,3,24,1530,0,9,8100,7900,50,3,105,98,240000,760000,2400,1800
2025-05-23 02:14:49,66,64,28,31,1,2,45,5,52,3,24,1530,0,9,8100,7900,50,3,105,98,240000,760000,2400,1800
2025-05-23 02:14:50,66,64,28,31,1,2,45,5,52,3,24,1530,0,9,8100,7900,50,3,105,98,240000,760000,2400,1800
2025-05-23 02:14:50,66,64,28,31,1,2,45,5,52,3,24,1530,0,9,8100,7900,50,3,105,98,240000,760000,2400,1800
2025-05-23 02:14:51,66,64,28,31,1,2,45,5,52,3,24,1530,0,9,8100,7900,50,3,105,98,240000,760000,2400,1800
2025-05-23 02:14:51,66,64,28,31,1,2,45,5,52,3,24,1530,0,9,8100,7900,50,3,105,98,240000,760000,2400,1800
2025-05-23 02:14:52,66,64,28,31,1,2,45,5,52,3,24,1530,0,9,8100,7900,50,3,105,98,240000,760000,2400,1800
2025-05-23 02:14:52,66,64,28,31,1,2,45,5,52,3,24,1530,0,9,8100,7900,50,3,105,98,240000,760000,2400,1800
2025-05-23 02:14:53,66,64,28,31,1,2,45,5,52,3,24,1530,0,9,8100,7900,50,3,105,98,240000,760000,2400,1800
2025-05-23 02:14:53,66,64,28,31,1,2,45,5,52,3,24,1530,0,9,8100,7900,50,3,105,98,240000,760000,2400,1800
2025-05-23 02:14:54,66,64,28,31,1,2,45,5,52,3,24,1530,0,9,8100,7900,50,3,105,98,240000,760000,2400,1800
2025-05-23 02:14:54,66,64,28,31,1,2,45,5,52,3,24,1530,0,9,8100,7900,50,3,105,98,240000,760000,2400,1800
2025-05-23 02:14:55,66,64,28,31,1,2,45,5,52,3,24,1530,0,9,8100,7900,50,3,105,98,240000,760000,2400,1800
2025-05-23 02:14:55,66,64,28,31,1,2,45,5,52,3,24,1530,0,9,8100,7900,50,3,105,98,240000,760000,2400,1800
2025-05-23 02:14:56,66,64,28,31,1,2,45,5,52,3,24,1530,0,9,8100,7900,50,3,105,98,240000,760000,2400,1800
2025-05-23 02:14:56,66,64,28,31,1,2,45,5,52,3,24,1530,0,9,8100,7900,50,3,105,98,240000,760000,2400,1800
2025-05-23 02:14:57,66,64,28,31,1,2,45,5,52,3,24,1530,0,9,8100,7900,50,3,105,98,240000,760000,2400,1800
2025-05-23 02:14:57,66,64,28,31,1,2,45,5,52,3,24,1530,0,9,8100,7900,50,3,105,98,240000,760000,2400,1800
2025-05-23 02:14:58,66,64,28,31,1,2,45,5,52,3,24,1530,0,9,8100,7900,50,3,105,98,240000,760000,2400,1800
2025-05-23 02:14:58,66,64,28,31,1,2,45,5,52,3,24,1530,0,9,8100,7900,50,3,105,98,240000,760000,2400,1800
2025-05-23 02:14:59,66,64,28,31,1,2,45,5,52,3,24,1530,0,9,8100,7900,50,3,105,98,240000,760000,2400,1800
2025-05-23 02:14:59,66,64,28,31,1,2,45,5,52,3,24,1530,0,9,8100,7900,50,3,105,98,240000,760000,2400,1800
2025-05-23 02:15:00,66,64,28,31,1,2,45,5,52,3,24,1530,0,9,8100,7900,50,3,105,98,240000,760000,2400,1800
2025-05-23 02:15:00,66,64,28,31,1,2,45,5,52,3,24,1530,0,9,8100,7900,50,3,105,98,240000,760000,2400,1800
2025-05-23 02:15:01,66,64,28,31,1,2,45,5,52,3,24,1530,0,9,8100,7900,50,3,105,98,240000,760000,2400,1800
2025-05-23 02:15:01,66,64,28,31,1,2,45,5,52,3,24,1530,0,9,8100,7900,50,3,105,98,240000,760000,2400,1800
2025-05-23 02:15:02,66,64,28,31,1,2,45,5,52,3,24,1530,0,9,8100,7900,50,3,105,98,240000,760000,2400,1800
2025-05-23 02:15:02,66,64,28,31,1,2,45,5,52,3,24,1530,0,9,8100,7900,50,3,105,98,240000,760000,2400,1800
2025-05-23 02:15:03,66,64,28,31,1,2,45,5,52,3,24,1530,0,9,8100,7900,50,3,105,98,240000,760000,2400,1800
2025-05-23 02:15:03,66,64,28,31,1,2,45,5,52,3,24,1530,0,9,8100,7900,50,3,105,98,240000,760000,2400,1800
2025-05-23 02:15:04,66,64,28,31,1,2,45,5,52,3,24,1530,0,9,8100,7900,50,3,105,98,240000,760000,2400,1800
2025-05-23 02:15:04,66,64,28,31,1,2,45,5,52,3,24,1530,0,9,8100,7900,50,3,105,98,240000,760000,2400,1800
2025-05-23 02:15:05,66,64,28,31,1,2,45,5,52,3,24,1530,0,9,8100,7900,50,3,105,98,240000,760000,2400,1800
2025-05-23 02:15:05,66,64,28,31,1,2,45,5,52,3,24,1530,0,9,8100,7900,50,3,105,98,240000,760000,2400,1800
2025-05-23 02:15:06,66,64,28,31,1,2,45,5,52,3,24,1530,0,9,8100,7900,50,3,105,98,240000,760000,2400,1800
2025-05-23 02:15:06,66,64,28,31,1,2,45,5,52,3,24,1530,0,9,8100,7900,50,3,105,98,240000,760000,2400,1800
2025-05-23 02:15:07,66,64,28,31,1,2,45,5,52,3,24,1530,0,9,8100,7900,50,3,105,98,240000,760000,2400,1800
2025-05-23 02:15:07,66,64,28,31,1,2,45,5,52,3,24,1530,0,9,8100,7900,50,3,105,98,240000,760000,2400,1800
2025-05-23 02:15:08,66,64,28,31,1,2,45,5,52,3,24,1530,0,9,8100,7900,50,3,105,98,240000,760000,2400,1800
2025-05-23 02:15:08,66,64,28,31,1,2,45,5,52,3,24,1530,0,9,8100,7900,50,3,105,98,240000,760000,2400,1800
2025-05-23 02:15:09,66,64,28,31,1,2,45,5,52,3,24,1530,0,9,8100,7900,50,3,105,98,240000,760000,2400,1800
2025-05-23 02:15:09,66,64,28,31,1,2,45,5,52,3,24,1530,0,9,8100,7900,50,3,105,98,240000,760000,2400,1800
2025-05-23 02:15:10,66,64,28,31,1,2,45,5,52,3,24,1530,0,9,8100,7900,50,3,105,98,240000,760000,2400,1800
2025-05-23 02:15:10,66,64,28,31,1,2,45,5,52,3,24,1530,0,9,8100,7900,50,3,105,98,240000,760000,2400,1800
2025-05-23 02:15:11,66,64,28,31,1,2,45,5,52,3,24,1530,0,9,8100,7900,50,3,105,98,240000,760000,2400,1800
2025-05-23 02:15:11,66,64,28,31,1,2,45,5,52,3,24,1530,0,9,8100,7900,50,3,105,98,240000,760000,2400,1800
2025-05-23 02:15:12,66,64,28,31,1,2,45,5,52,3,24,1530,0,9,8100,7900,50,3,105,98,240000,760000,2400,1800
2025-05-23 02:15:12,66,64,28,31,1,2,45,5,52,3,24,1530,0,9,8100,7900,50,3,105,98,240000,760000,2400,1800
2025-05-23 02:15:13,66,64,28,31,1,2,45,5,52,3,24,1530,0,9,8100,7900,50,3,105,98,240000,760000,2400,1800
2025-05-23 02:15:13,66,64,28,31,1,2,45,5,52,3,24,1530,0,9,8100,7900,50,3,105,98,240000,760000,2400,1800
2025-05-23 02:15:14,66,64,28,31,1,2,45,5,52,3,24,1530,0,9,8100,7900,50,3,105,98,240000,760000,2400,1800
2025-05-23 02:15:14,66,64,28,31,1,2,45,5,52,3,24,1530,0,9,8100,7900,50,3,105,98,240000,760000,2400,1800
2025-05-23 02:15:15,66,64,28,31,1,2,45,5,52,3,24,1530,0,9,8100,7900,50,3,105,98,240000,760000,2400,1800
2025-05-23 02:15:15,66,64,28,31,1,2,45,5,52,3,24,1530,0,9,8100,7900,50,3,105,98,240000,760000,2400,1800
2025-05-23 02:15:16,66,64,28,31,1,2,45,5,52,3,24,1530,0,9,8100,7900,50,3,105,98,240000,760000,2400,1800
2025-05-23 02:15:16,66,64,28,31,1,2,45,5,52,3,24,1530,0,9,8100,7900,50,3,105,98,240000,760000,2400,1800
2025-05-23 02:15:17,66,64,28,31,1,2,45,5,52,3,24,1530,0,9,8100,7900,50,3,105,98,240000,760000,2400,1800
2025-05-23 02:15:17,66,64,28,31,1,2,45,5,52,3,24,1530,0,9,8100,7900,50,3,105,98,240000,760000,2400,1800
2025-05-23 02:15:18,66,64,28,31,1,2,45,5,52,3,24,1530,0,9,8100,7900,50,3,105,98,240000,760000,2400,1800
2025-05-23 02:15:18,66,64,28,31,1,2,45,5,52,3,24,1530,0,9,8100,7900,50,3,105,98,240000,760000,2400,1800
2025-05-23 02:15:19,66,64,28,31,1,2,45,5,52,3,24,1530,0,9,8100,7900,50,3,105,98,240000,760000,2400,1800
2025-05-23 02:15:19,66,64,28,31,1,2,45,5,52,3,24,1530,0,9,8100,7900,50,3,105,98,240000,760000,2400,1800
2025-05-23 02:15:20,66,64,28,31,1,2,45,5,52,3,24,1530,0,9,8100,7900,50,3,105,98,240000,760000,2400,1800
2025-05-23 02:15:20,66,64,28,31,1,2,45,5,52,3,24,1530,0,9,8100,7900,50,3,105,98,240000,760000,2400,1800
2025-05-23 02:15:21,66,64,28,31,1,2,45,5,52,3,24,1530,0,9,8100,7900,50,3,105,98,240000,760000,2400,1800
2025-05-23 02:15:21,66,64,28,31,1,2,45,5,52,3,24,1530,0,9,8100,7900,50,3,105,98,240000,760000,2400,1800
2025-05-23 02:15:22,66,64,28,31,1,2,45,5,52,3,24,1530,0,9,8100,7900,50,3,105,98,240000,760000,2400,1800
2025-05-23 02:15:22,66,64,28,31,1,2,45,5,52,3,24,1530,0,9,8100,7900,50,3,105,98,240000,760000,2400,1800
2025-05-23 02:15:23,66,64,28,31,1,2,45,5,52,3,24,1530,0,9,8100,7900,50,3,105,98,240000,760000,2400,1800
2025-05-23 02:15:23,66,64,28,31,1,2,45,5,52,3,24,1530,0,9,8100,7900,50,3,105,98,240000,760000,2400,1800
2025-05-23 02:15:24,66,64,28,31,1,2,45,5,52,3,24,1530,0,9,8100,7900,50,3,105,98,240000,760000,2400,1800
2025-05-23 02:15:24,66,64,28,31,1,2,45,5,52,3,24,1530,0,9,8100,7900,50,3,105,98,240000,760000,2400,1800
2025-05-23 02:15:25,66,64,28,31,1,2,45,5,52,3,24,1530,0,9,8100,7900,50,3,105,98,240000,760000,2400,1800
2025-05-23 02:15:25,66,64,28,31,1,2,45,5,52,3,24,1530,0,9,8100,7900,50,3,105,98,240000,760000,2400,1800
2025-05-23 02:15:26,66,64,28,31,1,2,45,5,52,3,24,1530,0,9,8100,7900,50,3,105,98,240000,760000,2400,1800
2025-05-23 02:15:26,66,64,28,31,1,2,45,5,52,3,24,1530,0,9,8100,7900,50,3,105,98,240000,760000,2400,1800
2025-05-23 02:15:27,66,64,28,31,1,2,45,5,52,3,24,1530,0,9,8100,7900,50,3,105,98,240000,760000,2400,1800
2025-05-23 02:15:27,66,64,28,31,1,2,45,5,52,3,24,1530,0,9,8100,7900,50,3,105,98,240000,760000,2400,1800
2025-05-23 02:15:28,66,64,28,31,1,2,45,5,52,3,24,1530,0,9,8100,7900,50,3,105,98,240000,760000,2400,1800
2025-05-23 02:15:28,66,64,28,31,1,2,45,5,52,3,24,1530,0,9,8100,7900,50,3,105,98,240000,760000,2400,1800
2025-05-23 02:15:29,66,64,28,31,1,2,45,5,52,3,24,1530,0,9,8100,7900,50,3,105,98,240000,760000,2400,1800
2025-05-23 02:15:29,66,64,28,31,1,2,45,5,52,3,24,1530,0,9,8100,7900,50,3,105,98,240000,760000,2400,1800
2025-05-23 02:15:30,66,64,28,31,1,2,45,5,52,3,24,1530,0,9,8100,7900,50,3,105,98,240000,760000,2400,1800
2025-05-23 02:15:30,66,64,28,31,1,2,45,5,52,3,24,1530,0,9,8100,7900,50,3,105,98,240000,760000,2400,1800
2025-05-23 02:15:31,66,64,28,31,1,2,45,5,52,3,24,1530,0,9,8100,7900,50,3,105,98,240000,760000,2400,1800
2025-05-23 02:15:31,66,64,28,31,1,2,45,5,52,3,24,1530,0,9,8100,7900,50,3,105,98,240000,760000,2400,1800
2025-05-23 02:15:32,66,64,28,31,1,2,45,5,52,3,24,1530,0,9,8100,7900,50,3,105,98,240000,760000,2400,1800
2025-05-23 02:15:32,66,64,28,31,1,2,45,5,52,3,24,1530,0,9,8100,7900,50,3,105,98,240000,760000,2400,1800
2025-05-23 02:15:33,66,64,28,31,1,2,45,5,52,3,24,1530,0,9,8100,7900,50,3,105,98,240000,760000,2400,1800
2025-05-23 02:15:33,66,64,28,31,1,2,45,5,52,3,24,1530,0,9,8100,7900,50,3,105,98,240000,760000,2400,1800
2025-05-23 02:15:34,66,64,28,31,1,2,45,5,52,3,24,1530,0,9,8100,7900,50,3,105,98,240000,760000,2400,1800
2025-05-23 02:15:34,66,64,28,31,1,2,45,5,52,3,24,1530,0,9,8100,7900,50,3,105,98,240000,760000,2400,1800
2025-05-23 02:15:35,66,64,28,31,1,2,45,5,52,3,24,1530,0,9,8100,7900,50,3,105,98,240000,760000,2400,1800
2025-05-23 02:15:35,66,64,28,31,1,2,45,5,52,3,24,1530,0,9,8100,7900,50,3,105,98,240000,760000,2400,1800
2025-05-23 02:15:36,66,64,28,31,1,2,45,5,52,3,24,1530,0,9,8100,7900,50,3,105,98,240000,760000,2400,1800
2025-05-23 02:15:36,66,64,28,31,1,2,45,5,52,3,24,1530,0,9,8100,7900,50,3,105,98,240000,760000,2400,1800
2025-05-23 02:15:37,66,64,28,31,1,2,45,5,52,3,24,1530,0,9,8100,7900,50,3,105,98,240000,760000,2400,1800
2025-05-23 02:15:37,66,64,28,31,1,2,45,5,52,3,24,1530,0,9,8100,7900,50,3,105,98,240000,760000,2400,1800
2025-05-23 02:15:38,66,64,28,31,1,2,45,5,52,3,24,1530,0,9,8100,7900,50,3,105,98,240000,760000,2400,1800
2025-05-23 02:15:38,66,64,28,31,1,2,45,5,52,3,24,1530,0,9,8100,7900,50,3,105,98,240000,760000,2400,1800
2025-05-23 02:15:39,66,64,28,31,1,2,45,5,52,3,24,1530,0,9,8100,7900,50,3,105,98,240000,760000,2400,1800
2025-05-23 02:15:39,66,64,28,31,1,2,45,5,52,3,24,1530,0,9,8100,7900,50,3,105,98,240000,760000,2400,1800
2025-05-23 02:15:40,66,64,28,31,1,2,45,5,52,3,24,1530,0,9,8100,7900,50,3,105,98,240000,760000,2400,1800
2025-05-23 02:15:40,66,64,28,31,1,2,45,5,52,3,24,1530,0,9,8100,7900,50,3,105,98,240000,760000,2400,1800
2025-05-23 02:15:41,66,64,28,31,1,2,45,5,52,3,24,1530,0,9,8100,7900,50,3,105,98,240000,760000,2400,1800
2025-05-23 02:15:41,66,64,28,31,1,2,45,5,52,3,24,1530,0,9,8100,7900,50,3,105,98,240000,760000,2400,1800
2025-05-23 02:15:42,66,64,28,31,1,2,45,5,52,3,24,1530,0,9,8100,7900,50,3,105,98,240000,760000,2400,1800
2025-05-23 02:15:42,66,64,28,31,1,2,45,5,52,3,24,1530,0,9,8100,7900,50,3,105,98,240000,760000,2400,1800
2025-05-23 02:15:43,66,64,28,31,1,2,45,5,52,3,24,1530,0,9,8100,7900,50,3,105,98,240000,760000,2400,1800
2025-05-23 02:15:43,66,64,28,31,1,2,45,5,52,3,24,1530,0,9,8100,7900,50,3,105,98,240000,760000,2400,1800
2025-05-23 02:15:44,66,64,28,31,1,2,45,5,52,3,24,1530,0,9,8100,7900,50,3,105,98,240000,760000,2400,1800
2025-05-23 02:15:44,66,64,28,31,1,2,45,5,52,3,24,1530,0,9,8100,7900,50,3,105,98,240000,760000,2400,1800
2025-05-23 02:15:45,66,64,28,31,1,2,45,5,52,3,24,1530,0,9,8100,7900,50,3,105,98,240000,760000,2400,1800
2025-05-23 02:15:45,66,64,28,31,1,2,45,5,52,3,24,1530,0,9,8100,7900,50,3,105,98,240000,760000,2400,1800
2025-05-23 02:15:46,66,64,28,31,1,2,45,5,52,3,24,1530,0,9,8100,7900,50,3,105,98,240000,760000,2400,1800
2025-05-23 02:15:46,66,64,28,31,1,2,45,5,52,3,24,1530,0,9,8100,7900,50,3,105,98,240000,760000,2400,1800
2025-05-23 02:15:47,66,64,28,31,1,2,45,5,52,3,24,1530,0,9,8100,7900,50,3,105,98,240000,760000,2400,1800
2025-05-23 02:15:47,66,64,28,31,1,2,45,5,52,3,24,1530,0,9,8100,7900,50,3,105,98,240000,760000,2400,1800
2025-05-23 02:15:48,66,64,28,31,1,2,45,5,52,3,24,1530,0,9,8100,7900,50,3,105,98,240000,760000,2400,1800
2025-05-23 02:15:48,66,64,28,31,1,2,45,5,52,3,24,1530,0,9,8100,7900,50,3,105,98,240000,760000,2400,1800
2025-05-23 02:15:49,66,64,28,31,1,2,45,5,52,3,24,1530,0,9,8100,7900,50,3,105,98,240000,760000,2400,1800
2025-05-23 02:15:49,66,64,28,31,1,2,45,5,52,3,24,1530,0,9,8100,7900,50,3,105,98,240000,760000,2400,1800
2025-05-23 02:15:50,66,64,28,31,1,2,45,5,52,3,24,1530,0,9,8100,7900,50,3,105,98,240000,760000,2400,1800
2025-05-23 02:15:50,66,64,28,31,1,2,45,5,52,3,24,1530,0,9,8100,7900,50,3,105,98,240000,760000,2400,1800
2025-05-23 02:15:51,66,64,28,31,1,2,45,5,52,3,24,1530,0,9,8100,7900,50,3,105,98,240000,760000,2400,1800
2025-05-23 02:15:51,66,64,28,31,1,2,45,5,52,3,24,1530,0,9,8100,7900,50,3,105,98,240000,760000,2400,1800
2025-05-23 02:15:52,66,64,28,31,1,2,45,5,52,3,24,1530,0,9,8100,7900,50,3,105,98,240000,760000,2400,1800
2025-05-23 02:15:52,66,64,28,31,1,2,45,5,52,3,24,1530,0,9,8100,7900,50,3,105,98,240000,760000,2400,1800
2025-05-23 02:15:53,66,64,28,31,1,2,45,5,52,3,24,1530,0,9,8100,7900,50,3,105,98,240000,760000,2400,1800
2025-05-23 02:15:53,66,64,28,31,1,2,45,5,52,3,24,1530,0,9,8100,7900,50,3,105,98,240000,760000,2400,1800
2025-05-23 02:15:54,66,64,28,31,1,2,45,5,52,3,24,1530,0,9,8100,7900,50,3,105,98,240000,760000,2400,1800
2025-05-23 02:15:54,66,64,28,31,1,2,45,5,52,3,24,1530,0,9,8100,7900,50,3,105,98,240000,760000,2400,1800
2025-05-23 02:15:55,66,64,28,31,1,2,45,5,52,3,24,1530,0,9,8100,7900,50,3,105,98,240000,760000,2400,1800
2025-05-23 02:15:55,66,64,28,31,1,2,45,5,52,3,24,1530,0,9,8100,7900,50,3,105,98,240000,760000,2400,1800
2025-05-23 02:15:56,66,64,28,31,1,2,45,5,52,3,24,1530,0,9,8100,7900,50,3,105,98,240000,760000,2400,1800
2025-05-23 02:15:56,66,64,28,31,1,2,45,5,52,3,24,1530,0,9,8100,7900,50,3,105,98,240000,760000,2400,1800
2025-05-23 02:15:57,66,64,28,31,1,2,45,5,52,3,24,1530,0,9,8100,7900,50,3,105,98,240000,760000,2400,1800
2025-05-23 02:15:57,66,64,28,31,1,2,45,5,52,3,24,1530,0,9,8100,7900,50,3,105,98,240000,760000,2400,1800
2025-05-23 02:15:58,66,64,28,31,1,2,45,5,52,3,24,1530,0,9,8100,7900,50,3,105,98,240000,760000,2400,1800
2025-05-23 02:15:58,66,64,28,31,1,2,45,5,52,3,24,1530,0,9,8100,7900,50,3,105,98,240000,760000,2400,1800
2025-05-23 02:15:59,66,64,28,31,1,2,45,5,52,3,24,1530,0,9,8100,7900,50,3,105,98,240000,760000,2400,1800
2025-05-23 02:15:59,66,64,28,31,1,2,45,5,52,3,24,1530,0,9,8100,7900,50,3,105,98,240000,760000,2400,1800
2025-05-23 02:16:00,66,64,28,31,1,2,45,5,52,3,24,1530,0,9,8100,7900,50,3,105,98,240000,760000,2400,1800
2025-05-23 02:16:00,66,64,28,31,1,2,45,5,52,3,24,1530,0,9,8100,7900,50,3,105,98,240000,760000,2400,1800
2025-05-23 02:16:01,66,64,28,31,1,2,45,5,52,3,24,1530,0,9,8100,7900,50,3,105,98,240000,760000,2400,1800
2025-05-23 02:16:01,66,64,28,31,1,2,45,5,52,3,24,1530,0,9,8100,7900,50,3,105,98,240000,760000,2400,1800
2025-05-23 02:16:02,66,64,28,31,1,2,45,5,52,3,24,1530,0,9,8100,7900,50,3,105,98,240000,760000,2400,1800
2025-05-23 02:16:02,66,64,28,31,1,2,45,5,52,3,24,1530,0,9,8100,7900,50,3,105,98,240000,760000,2400,1800
2025-05-23 02:16:03,66,64,28,31,1,2,45,5,52,3,24,1530,0,9,8100,7900,50,3,105,98,240000,760000,2400,1800
2025-05-23 02:16:03,66,64,28,31,1,2,45,5,52,3,24,1530,0,9,8100,7900,50,3,105,98,240000,760000,2400,1800
2025-05-23 02:16:04,66,64,28,31,1,2,45,5,52,3,24,1530,0,9,8100,7900,50,3,105,98,240000,760000,2400,1800
2025-05-23 02:16:04,66,64,28,31,1,2,45,5,52,3,24,1530,0,9,8100,7900,50,3,105,98,240000,760000,2400,1800
2025-05-23 02:16:05,66,64,28,31,1,2,45,5,52,3,24,1530,0,9,8100,7900,50,3,105,98,240000,760000,2400,1800
2025-05-23 02:16:05,66,64,28,31,1,2,45,5,52,3,24,1530,0,9,8100,7900,50,3,105,98,240000,760000,2400,1800
2025-05-23 02:16:06,66,64,28,31,1,2,45,5,52,3,24,1530,0,9,8100,7900,50,3,105,98,240000,760000,2400,1800
2025-05-23 02:16:06,66,64,28,31,1,2,45,5,52,3,24,1530,0,9,8100,7900,50,3,105,98,240000,760000,2400,1800
2025-05-23 02:16:07,66,64,28,31,1,2,45,5,52,3,24,1530,0,9,8100,7900,50,3,105,98,240000,760000,2400,1800
2025-05-23 02:16:07,66,64,28,31,1,2,45,5,52,3,24,1530,0,9,8100,7900,50,3,105,98,240000,760000,2400,1800
2025-05-23 02:16:08,66,64,28,31,1,2,45,5,52,3,24,1530,0,9,8100,7900,50,3,105,98,240000,760000,2400,1800
2025-05-23 02:16:08,66,64,28,31,1,2,45,5,52,3,24,1530,0,9,8100,7900,50,3,105,98,240000,760000,2400,1800
2025-05-23 02:16:09,66,64,28,31,1,2,45,5,52,3,24,1530,0,9,8100,7900,50,3,105,98,240000,760000,2400,1800
2025-05-23 02:16:09,66,64,28,31,1,2,45,5,52,3,24,1530,0,9,8100,7900,50,3,105,98,240000,760000,2400,1800
2025-05-23 02:16:10,66,64,28,31,1,2,45,5,52,3,24,1530,0,9,8100,7900,50,3,105,98,240000,760000,2400,1800
2025-05-23 02:16:10,66,64,28,31,1,2,45,5,52,3,24,1530,0,9,8100,7900,50,3,105,98,240000,760000,2400,1800
2025-05-23 02:16:11,66,64,28,31,1,2,45,5,52,3,24,1530,0,9,8100,7900,50,3,105,98,240000,760000,2400,1800
2025-05-23 02:16:11,66,64,28,31,1,2,45,5,52,3,24,1530,0,9,8100,7900,50,3,105,98,240000,760000,2400,1800
2025-05-23 02:16:12,66,64,28,31,1,2,45,5,52,3,24,1530,0,9,8100,7900,50,3,105,98,240000,760000,2400,1800
2025-05-23 02:16:12,66,64,28,31,1,2,45,5,52,3,24,1530,0,9,8100,7900,50,3,105,98,240000,760000,2400,1800
2025-05-23 02:16:13,66,64,28,31,1,2,45,5,52,3,24,1530,0,9,8100,7900,50,3,105,98,240000,760000,2400,1800
2025-05-23 02:16:13,66,64,28,31,1,2,45,5,52,3,24,1530,0,9,8100,7900,50,3,105,98,240000,760000,2400,1800
2025-05-23 02:16:14,66,64,28,31,1,2,45,5,52,3,24,1530,0,9,8100,7900,50,3,105,98,240000,760000,2400,1800
2025-05-23 02:16:14,66,64,28,31,1,2,45,5,52,3,24,1530,0,9,8100,7900,50,3,105,98,240000,760000,2400,1800
2025-05-23 02:16:15,66,64,28,31,1,2,45,5,52,3,24,1530,0,9,8100,7900,50,3,105,98,240000,760000,2400,1800
2025-05-23 02:16:15,66,64,28,31,1,2,45,5,52,3,24,1530,0,9,8100,7900,50,3,105,98,240000,760000,2400,1800
2025-05-23 02:16:16,66,64,28,31,1,2,45,5,52,3,24,1530,0,9,8100,7900,50,3,105,98,240000,760000,2400,1800
2025-05-23 02:16:16,66,64,28,31,1,2,45,5,52,3,24,1530,0,9,8100,7900,50,3,105,98,240000,760000,2400,1800
2025-05-23 02:16:17,66,64,28,31,1,2,45,5,52,3,24,1530,0,9,8100,7900,50,3,105,98,240000,760000,2400,1800
2025-05-23 02:16:17,66,64,28,31,1,2,45,5,52,3,24,1530,0,9,8100,7900,50,3,105,98,240000,760000,2400,1800
2025-05-23 02:16:18,66,64,28,31,1,2,45,5,52,3,24,1530,0,9,8100,7900,50,3,105,98,240000,760000,2400,1800
2025-05-23 02:16:18,66,64,28,31,1,2,45,5,52,3,24,1530,0,9,8100,7900,50,3,105,98,240000,760000,2400,1800
2025-05-23 02:16:19,66,64,28,31,1,2,45,5,52,3,24,1530,0,9,8100,7900,50,3,105,98,240000,760000,2400,1800
2025-05-23 02:16:19,66,64,28,31,1,2,45,5,52,3,24,1530,0,9,8100,7900,50,3,105,98,240000,760000,2400,1800
2025-05-23 02:16:20,66,64,28,31,1,2,45,5,52,3,24,1530,0,9,8100,7900,50,3,105,98,240000,760000,2400,1800
2025-05-23 02:16:20,66,64,28,31,1,2,45,5,52,3,24,1530,0,9,8100,7900,50,3,105,98,240000,760000,2400,1800
2025-05-23 02:16:21,66,64,28,31,1,2,45,5,52,3,24,1530,0,9,8100,7900,50,3,105,98,240000,760000,2400,1800
2025-05-23 02:16:21,66,64,28,31,1,2,45,5,52,3,24,1530,0,9,8100,7900,50,3,105,98,240000,760000,2400,1800
2025-05-23 02:16:22,66,64,28,31,1,2,45,5,52,3,24,1530,0,9,8100,7900,50,3,105,98,240000,760000,2400,1800
2025-05-23 02:16:22,66,64,28,31,1,2,45,5,52,3,24,1530,0,9,8100,7900,50,3,105,98,240000,760000,2400,1800
2025-05-23 02:16:23,66,64,28,31,1,2,45,5,52,3,24,1530,0,9,8100,7900,50,3,105,98,240000,760000,2400,1800
2025-05-23 02:16:23,66,64,28,31,1,2,45,5,52,3,24,1530,0,9,8100,7900,50,3,105,98,240000,760000,2400,1800
2025-05-23 02:16:24,66,64,28,31,1,2,45,5,52,3,24,1530,0,9,8100,7900,50,3,105,98,240000,760000,2400,1800
2025-05-23 02:16:24,66,64,28,31,1,2,45,5,52,3,24,1530,0,9,8100,7900,50,3,105,98,240000,760000,2400,1800
2025-05-23 02:16:25,66,64,28,31,1,2,45,5,52,3,24,1530,0,9,8100,7900,50,3,105,98,240000,760000,2400,1800
2025-05-23 02:16:25,66,64,28,31,1,2,45,5,52,3,24,1530,0,9,8100,7900,50,3,105,98,240000,760000,2400,1800
2025-05-23 02:16:26,66,64,28,31,1,2,45,5,52,3,24,1530,0,9,8100,7900,50,3,105,98,240000,760000,2400,1800
2025-05-23 02:16:26,66,64,28,31,1,2,45,5,52,3,24,1530,0,9,8100,7900,50,3,105,98,240000,760000,2400,1800
2025-05-23 02:16:27,66,64,28,31,1,2,45,5,52,3,24,1530,0,9,8100,7900,50,3,105,98,240000,760000,2400,1800
2025-05-23 02:16:27,66,64,28,31,1,2,45,5,52,3,24,1530,0,9,8100,7900,50,3,105,98,240000,760000,2400,1800
2025-05-23 02:16:28,66,64,28,31,1,2,45,5,52,3,24,1530,0,9,8100,7900,50,3,105,98,240000,760000,2400,1800
2025-05-23 02:16:28,66,64,28,31,1,2,45,5,52,3,24,1530,0,9,8100,7900,50,3,105,98,240000,760000,2400,1800
2025-05-23 02:16:29,66,64,28,31,1,2,45,5,52,3,24,1530,0,9,8100,7900,50,3,105,98,240000,760000,2400,1800
2025-05-23 02:16:29,66,64,28,31,1,2,45,5,52,3,24,1530,0,9,8100,7900,50,3,105,98,240000,760000,2400,1800
2025-05-23 02:16:30,66,64,28,31,1,2,45,5,52,3,24,1530,0,9,8100,7900,50,3,105,98,240000,760000,2400,1800
2025-05-23 02:16:30,66,64,28,31,1,2,45,5,52,3,24,1530,0,9,8100,7900,50,3,105,98,240000,760000,2400,1800
2025-05-23 02:16:31,66,64,28,31,1,2,45,5,52,3,24,1530,0,9,8100,7900,50,3,105,98,240000,760000,2400,1800
2025-05-23 02:16:31,66,64,28,31,1,2,45,5,52,3,24,1530,0,9,8100,7900,50,3,105,98,240000,760000,2400,1800
2025-05-23 02:16:32,66,64,28,31,1,2,45,5,52,3,24,1530,0,9,8100,7900,50,3,105,98,240000,760000,2400,1800
2025-05-23 02:16:32,66,64,28,31,1,2,45,5,52,3,24,1530,0,9,8100,7900,50,3,105,98,240000,760000,2400,1800
2025-05-23 02:16:33,66,64,28,31,1,2,45,5,52,3,24,1530,0,9,8100,7900,50,3,105,98,240000,760000,2400,1800
2025-05-23 02:16:33,66,64,28,31,1,2,45,5,52,3,24,1530,0,9,8100,7900,50,3,105,98,240000,760000,2400,1800
2025-05-23 02:16:34,66,64,28,31,1,2,45,5,52,3,24,1530,0,9,8100,7900,50,3,105,98,240000,760000,2400,1800
2025-05-23 02:16:34,66,64,28,31,1,2,45,5,52,3,24,1530,0,9,8100,7900,50,3,105,98,240000,760000,2400,1800
2025-05-23 02:16:35,66,64,28,31,1,2,45,5,52,3,24,1530,0,9,8100,7900,50,3,105,98,240000,760000,2400,1800
2025-05-23 02:16:35,66,64,28,31,1,2,45,5,52,3,24,1530,0,9,8100,7900,50,3,105,98,240000,760000,2400,1800
2025-05-23 02:16:36,66,64,28,31,1,2,45,5,52,3,24,1530,0,9,8100,7900,50,3,105,98,240000,760000,2400,1800
2025-05-23 02:16:36,66,64,28,31,1,2,45,5,52,3,24,1530,0,9,8100,7900,50,3,105,98,240000,760000,2400,1800
2025-05-23 02:16:37,66,64,28,31,1,2,45,5,52,3,24,1530,0,9,8100,7900,50,3,105,98,240000,760000,2400,1800
2025-05-23 02:16:37,66,64,28,31,1,2,45,5,52,3,24,1530,0,9,8100,7900,50,3,105,98,240000,760000,2400,1800
2025-05-23 02:16:38,66,64,28,31,1,2,45,5,52,3,24,1530,0,9,8100,7900,50,3,105,98,240000,760000,2400,1800
2025-05-23 02:16:38,66,64,28,31,1,2,45,5,52,3,24,1530,0,9,8100,7900,50,3,105,98,240000,760000,2400,1800
2025-05-23 02:16:39,66,64,28,31,1,2,45,5,52,3,24,1530,0,9,8100,7900,50,3,105,98,240000,760000,2400,1800
2025-05-23 02:16:39,66,64,28,31,1,2,45,5,52,3,24,1530,0,9,8100,7900,50,3,105,98,240000,760000,2400,1800
2025-05-23 02:16:40,66,64,28,31,1,2,45,5,52,3,24,1530,0,9,8100,7900,50,3,105,98,240000,760000,2400,1800
2025-05-23 02:16:40,66,64,28,31,1,2,45,5,52,3,24,1530,0,9,8100,7900,50,3,105,98,240000,760000,2400,1800
2025-05-23 02:16:41,66,64,28,31,1,2,45,5,52,3,24,1530,0,9,8100,7900,50,3,105,98,240000,760000,2400,1800
2025-05-23 02:16:41,66,64,28,31,1,2,45,5,52,3,24,1530,0,9,8100,7900,50,3,105,98,240000,760000,2400,1800
2025-05-23 02:16:42,66,64,28,31,1,2,45,5,52,3,24,1530,0,9,8100,7900,50,3,105,98,240000,760000,2400,1800
2025-05-23 02:16:42,66,64,28,31,1,2,45,5,52,3,24,1530,0,9,8100,7900,50,3,105,98,240000,760000,2400,1800
2025-05-23 02:16:43,66,64,28,31,1,2,45,5,52,3,24,1530,0,9,8100,7900,50,3,105,98,240000,760000,2400,1800
2025-05-23 02:16:43,66,64,28,31,1,2,45,5,52,3,24,1530,0,9,8100,7900,50,3,105,98,240000,760000,2400,1800
2025-05-23 02:16:44,66,64,28,31,1,2,45,5,52,3,24,1530,0,9,8100,7900,50,3,105,98,240000,760000,2400,1800
2025-05-23 02:16:44,66,64,28,31,1,2,45,5,52,3,24,1530,0,9,8100,7900,50,3,105,98,240000,760000,2400,1800
2025-05-23 02:16:45,66,64,28,31,1,2,45,5,52,3,24,1530,0,9,8100,7900,50,3,105,98,240000,760000,2400,1800
2025-05-23 02:16:45,66,64,28,31,1,2,45,5,52,3,24,1530,0,9,8100,7900,50,3,105,98,240000,760000,2400,1800
2025-05-23 02:16:46,66,64,28,31,1,2,45,5,52,3,24,1530,0,9,8100,7900,50,3,105,98,240000,760000,2400,1800
2025-05-23 02:16:46,66,64,28,31,1,2,45,5,52,3,24,1530,0,9,8100,7900,50,3,105,98,240000,760000,2400,1800
2025-05-23 02:16:47,66,64,28,31,1,2,45,5,52,3,24,1530,0,9,8100,7900,50,3,105,98,240000,760000,2400,1800
2025-05-23 02:16:47,66,64,28,31,1,2,45,5,52,3,24,1530,0,9,8100,7900,50,3,105,98,240000,760000,2400,1800
2025-05-23 02:16:48,66,64,28,31,1,2,45,5,52,3,24,1530,0,9,8100,7900,50,3,105,98,240000,760000,2400,1800
2025-05-23 02:16:48,66,64,28,31,1,2,45,5,52,3,24,1530,0,9,8100,7900,50,3,105,98,240000,760000,2400,1800
2025-05-23 02:16:49,66,64,28,31,1,2,45,5,52,3,24,1530,0,9,8100,7900,50,3,105,98,240000,760000,2400,1800
2025-05-23 02:16:49,66,64,28,31,1,2,45,5,52,3,24,1530,0,9,8100,7900,50,3,105,98,240000,760000,2400,1800
2025-05-23 02:16:50,66,64,28,31,1,2,45,5,52,3,24,1530,0,9,8100,7900,50,3,105,98,240000,760000,2400,1800
2025-05-23 02:16:50,66,64,28,31,1,2,45,5,52,3,24,1530,0,9,8100,7900,50,3,105,98,240000,760000,2400,1800
2025-05-23 02:16:51,66,64,28,31,1,2,45,5,52,3,24,1530,0,9,8100,7900,50,3,105,98,240000,760000,2400,1800
2025-05-23 02:16:51,66,64,28,31,1,2,45,5,52,3,24,1530,0,9,8100,7900,50,3,105,98,240000,760000,2400,1800
2025-05-23 02:16:52,66,64,28,31,1,2,45,5,52,3,24,1530,0,9,8100,7900,50,3,105,98,240000,760000,2400,1800
2025-05-23 02:16:52,66,64,28,31,1,2,45,5,52,3,24,1530,0,9,8100,7900,50,3,105,98,240000,760000,2400,1800
2025-05-23 02:16:53,66,64,28,31,1,2,45,5,52,3,24,1530,0,9,8100,7900,50,3,105,98,240000,760000,2400,1800
2025-05-23 02:16:53,66,64,28,31,1,2,45,5,52,3,24,1530,0,9,8100,7900,50,3,105,98,240000,760000,2400,1800
2025-05-23 02:16:54,66,64,28,31,1,2,45,5,52,3,24,1530,0,9,8100,7900,50,3,105,98,240000,760000,2400,1800
2025-05-23 02:16:54,66,64,28,31,1,2,45,5,52,3,24,1530,0,9,8100,7900,50,3,105,98,240000,760000,2400,1800
2025-05-23 02:16:55,66,64,28,31,1,2,45,5,52,3,24,1530,0,9,8100,7900,50,3,105,98,240000,760000,2400,1800
2025-05-23 02:16:55,66,64,28,31,1,2,45,5,52,3,24,1530,0,9,8100,7900,50,3,105,98,240000,760000,2400,1800
2025-05-23 02:16:56,66,64,28,31,1,2,45,5,52,3,24,1530,0,9,8100,7900,50,3,105,98,240000,760000,2400,1800
2025-05-23 02:16:56,66,64,28,31,1,2,45,5,52,3,24,1530,0,9,8100,7900,50,3,105,98,240000,760000,2400,1800
2025-05-23 02:16:57,66,64,28,31,1,2,45,5,52,3,24,1530,0,9,8100,7900,50,3,105,98,240000,760000,2400,1800
2025-05-23 02:16:57,66,64,28,31,1,2,45,5,52,3,24,1530,0,9,8100,7900,50,3,105,98,240000,760000,2400,1800
2025-05-23 02:16:58,66,64,28,31,1,2,45,5,52,3,24,1530,0,9,8100,7900,50,3,105,98,240000,760000,2400,1800
2025-05-23 02:16:58,66,64,28,31,1,2,45,5,52,3,24,1530,0,9,8100,7900,50,3,105,98,240000,760000,2400,1800
2025-05-23 02:16:59,66,64,28,31,1,2,45,5,52,3,24,1530,0,9,8100,7900,50,3,105,98,240000,760000,2400,1800
2025-05-23 02:16:59,66,64,28,31,1,2,45,5,52,3,24,1530,0,9,8100,7900,50,3,105,98,240000,760000,2400,1800
2025-05-23 02:17:00,66,64,28,31,1,2,45,5,52,3,24,1530,0,9,8100,7900,50,3,105,98,240000,760000,2400,1800
2025-05-23 02:17:00,66,64,28,31,1,2,45,5,52,3,24,1530,0,9,8100,7900,50,3,105,98,240000,760000,2400,1800
2025-05-23 02:17:01,66,64,28,31,1,2,45,5,52,3,24,1530,0,9,8100,7900,50,3,105,98,240000,760000,2400,1800
2025-05-23 02:17:01,66,64,28,31,1,2,45,5,52,3,24,1530,0,9,8100,7900,50,3,105,98,240000,760000,2400,1800
2025-05-23 02:17:02,66,64,28,31,1,2,45,5,52,3,24,1530,0,9,8100,7900,50,3,105,98,240000,760000,2400,1800
2025-05-23 02:17:02,66,64,28,31,1,2,45,5,52,3,24,1530,0,9,8100,7900,50,3,105,98,240000,760000,2400,1800
2025-05-23 02:17:03,66,64,28,31,1,2,45,5,52,3,24,1530,0,9,8100,7900,50,3,105,98,240000,760000,2400,1800
2025-05-23 02:17:03,66,64,28,31,1,2,45,5,52,3,24,1530,0,9,8100,7900,50,3,105,98,240000,760000,2400,1800
2025-05-23 02:17:04,66,64,28,31,1,2,45,5,52,3,24,1530,0,9,8100,7900,50,3,105,98,240000,760000,2400,1800
2025-05-23 02:17:04,66,64,28,31,1,2,45,5,52,3,24,1530,0,9,8100,7900,50,3,105,98,240000,760000,2400,1800
2025-05-23 02:17:05,66,64,28,31,1,2,45,5,52,3,24,1530,0,9,8100,7900,50,3,105,98,240000,760000,2400,1800
2025-05-23 02:17:05,66,64,28,31,1,2,45,5,52,3,24,1530,0,9,8100,7900,50,3,105,98,240000,760000,2400,1800
2025-05-23 02:17:06,66,64,28,31,1,2,45,5,52,3,24,1530,0,9,8100,7900,50,3,105,98,240000,760000,2400,1800
2025-05-23 02:17:06,66,64,28,31,1,2,45,5,52,3,24,1530,0,9,8100,7900,50,3,105,98,240000,760000,2400,1800
2025-05-23 02:17:07,66,64,28,31,1,2,45,5,52,3,24,1530,0,9,8100,7900,50,3,105,98,240000,760000,2400,1800
2025-05-23 02:17:07,66,64,28,31,1,2,45,5,52,3,24,1530,0,9,8100,7900,50,3,105,98,240000,760000,2400,1800
2025-05-23 02:17:08,66,64,28,31,1,2,45,5,52,3,24,1530,0,9,8100,7900,50,3,105,98,240000,760000,2400,1800
2025-05-23 02:17:08,66,64,28,31,1,2,45,5,52,3,24,1530,0,9,8100,7900,50,3,105,98,240000,760000,2400,1800
2025-05-23 02:17:09,66,64,28,31,1,2,45,5,52,3,24,1530,0,9,8100,7900,50,3,105,98,240000,760000,2400,1800
2025-05-23 02:17:09,66,64,28,31,1,2,45,5,52,3,24,1530,0,9,8100,7900,50,3,105,98,240000,760000,2400,1800
2025-05-23 02:17:10,66,64,28,31,1,2,45,5,52,3,24,1530,0,9,8100,7900,50,3,105,98,240000,760000,2400,1800
2025-05-23 02:17:10,66,64,28,31,1,2,45,5,52,3,24,1530,0,9,8100,7900,50,3,105,98,240000,760000,2400,1800
2025-05-23 02:17:11,66,64,28,31,1,2,45,5,52,3,24,1530,0,9,8100,7900,50,3,105,98,240000,760000,2400,1800
2025-05-23 02:17:11,66,64,28,31,1,2,45,5,52,3,24,1530,0,9,8100,7900,50,3,105,98,240000,760000,2400,1800
2025-05-23 02:17:12,66,64,28,31,1,2,45,5,52,3,24,1530,0,9,8100,7900,50,3,105,98,240000,760000,2400,1800
2025-05-23 02:17:12,66,64,28,31,1,2,45,5,52,3,24,1530,0,9,8100,7900,50,3,105,98,240000,760000,2400,1800
2025-05-23 02:17:13,66,64,28,31,1,2,45,5,52,3,24,1530,0,9,8100,7900,50,3,105,98,240000,760000,2400,1800
2025-05-23 02:17:13,66,64,28,31,1,2,45,5,52,3,24,1530,0,9,8100,7900,50,3,105,98,240000,760000,2400,1800
2025-05-23 02:17:14,66,64,28,31,1,2,45,5,52,3,24,1530,0,9,8100,7900,50,3,105,98,240000,760000,2400,1800
2025-05-23 02:17:14,66,64,28,31,1,2,45,5,52,3,24,1530,0,9,8100,7900,50,3,105,98,240000,760000,2400,1800
2025-05-23 02:17:15,66,64,28,31,1,2,45,5,52,3,24,1530,0,9,8100,7900,50,3,105,98,240000,760000,2400,1800
2025-05-23 02:17:15,66,64,28,31,1,2,45,5,52,3,24,1530,0,9,8100,7900,50,3,105,98,240000,760000,2400,1800
2025-05-23 02:17:16,66,64,28,31,1,2,45,5,52,3,24,1530,0,9,8100,7900,50,3,105,98,240000,760000,2400,1800
2025-05-23 02:17:16,66,64,28,31,1,2,45,5,52,3,24,1530,0,9,8100,7900,50,3,105,98,240000,760000,2400,1800
2025-05-23 02:17:17,66,64,28,31,1,2,45,5,52,3,24,1530,0,9,8100,7900,50,3,105,98,240000,760000,2400,1800
2025-05-23 02:17:17,66,64,28,31,1,2,45,5,52,3,24,1530,0,9,8100,7900,50,3,105,98,240000,760000,2400,1800
2025-05-23 02:17:18,66,64,28,31,1,2,45,5,52,3,24,1530,0,9,8100,7900,50,3,105,98,240000,760000,2400,1800
2025-05-23 02:17:18,66,64,28,31,1,2,45,5,52,3,24,1530,0,9,8100,7900,50,3,105,98,240000,760000,2400,1800
2025-05-23 02:17:19,66,64,28,31,1,2,45,5,52,3,24,1530,0,9,8100,7900,50,3,105,98,240000,760000,2400,1800
2025-05-23 02:17:19,66,64,28,31,1,2,45,5,52,3,24,1530,0,9,8100,7900,50,3,105,98,240000,760000,2400,1800
2025-05-23 02:17:20,66,64,28,31,1,2,45,5,52,3,24,1530,0,9,8100,7900,50,3,105,98,240000,760000,2400,1800
2025-05-23 02:17:20,66,64,28,31,1,2,45,5,52,3,24,1530,0,9,8100,7900,50,3,105,98,240000,760000,2400,1800
2025-05-23 02:17:21,66,64,28,31,1,2,45,5,52,3,24,1530,0,9,8100,7900,50,3,105,98,240000,760000,2400,1800
2025-05-23 02:17:21,66,64,28,31,1,2,45,5,52,3,24,1530,0,9,8100,7900,50,3,105,98,240000,760000,2400,1800
2025-05-23 02:17:22,66,64,28,31,1,2,45,5,52,3,24,1530,0,9,8100,7900,50,3,105,98,240000,760000,2400,1800
2025-05-23 02:17:22,66,64,28,31,1,2,45,5,52,3,24,1530,0,9,8100,7900,50,3,105,98,240000,760000,2400,1800
2025-05-23 02:17:23,66,64,28,31,1,2,45,5,52,3,24,1530,0,9,8100,7900,50,3,105,98,240000,760000,2400,1800
2025-05-23 02:17:23,66,64,28,31,1,2,45,5,52,3,24,1530,0,9,8100,7900,50,3,105,98,240000,760000,2400,1800
2025-05-23 02:17:24,66,64,28,31,1,2,45,5,52,3,24,1530,0,9,8100,7900,50,3,105,98,240000,760000,2400,1800
2025-05-23 02:17:24,66,64,28,31,1,2,45,5,52,3,24,1530,0,9,8100,7900,50,3,105,98,240000,760000,2400,1800
2025-05-23 02:17:25,66,64,28,31,1,2,45,5,52,3,24,1530,0,9,8100,7900,50,3,105,98,240000,760000,2400,1800
2025-05-23 02:17:25,66,64,28,31,1,2,45,5,52,3,24,1530,0,9,8100,7900,50,3,105,98,240000,760000,2400,1800
2025-05-23 02:17:26,66,64,28,31,1,2,45,5,52,3,24,1530,0,9,8100,7900,50,3,105,98,240000,760000,2400,1800
2025-05-23 02:17:26,66,64,28,31,1,2,45,5,52,3,24,1530,0,9,8100,7900,50,3,105,98,240000,760000,2400,1800
2025-05-23 02:17:27,66,64,28,31,1,2,45,5,52,3,24,1530,0,9,8100,7900,50,3,105,98,240000,760000,2400,1800
2025-05-23 02:17:27,66,64,28,31,1,2,45,5,52,3,24,1530,0,9,8100,7900,50,3,105,98,240000,760000,2400,1800
2025-05-23 02:17:28,66,64,28,31,1,2,45,5,52,3,24,1530,0,9,8100,7900,50,3,105,98,240000,760000,2400,1800
2025-05-23 02:17:28,66,64,28,31,1,2,45,5,52,3,24,1530,0,9,8100,7900,50,3,105,98,240000,760000,2400,1800
2025-05-23 02:17:29,66,64,28,31,1,2,45,5,52,3,24,1530,0,9,8100,7900,50,3,105,98,240000,760000,2400,1800
2025-05-23 02:17:29,66,64,28,31,1,2,45,5,52,3,24,1530,0,9,8100,7900,50,3,105,98,240000,760000,2400,1800
2025-05-23 02:17:30,66,64,28,31,1,2,45,5,52,3,24,1530,0,9,8100,7900,50,3,105,98,240000,760000,2400,1800
2025-05-23 02:17:30,66,64,28,31,1,2,45,5,52,3,24,1530,0,9,8100,7900,50,3,105,98,240000,760000,2400,1800
2025-05-23 02:17:31,66,64,28,31,1,2,45,5,52,3,24,1530,0,9,8100,7900,50,3,105,98,240000,760000,2400,1800
2025-05-23 02:17:31,66,64,28,31,1,2,45,5,52,3,24,1530,0,9,8100,7900,50,3,105,98,240000,760000,2400,1800
2025-05-23 02:17:32,66,64,28,31,1,2,45,5,52,3,24,1530,0,9,8100,7900,50,3,105,98,240000,760000,2400,1800
2025-05-23 02:17:32,66,64,28,31,1,2,45,5,52,3,24,1530,0,9,8100,7900,50,3,105,98,240000,760000,2400,1800
2025-05-23 02:17:33,66,64,28,31,1,2,45,5,52,3,24,1530,0,9,8100,7900,50,3,105,98,240000,760000,2400,1800
2025-05-23 02:17:33,66,64,28,31,1,2,45,5,52,3,24,1530,0,9,8100,7900,50,3,105,98,240000,760000,2400,1800
2025-05-23 02:17:34,66,64,28,31,1,2,45,5,52,3,24,1530,0,9,8100,7900,50,3,105,98,240000,760000,2400,1800
2025-05-23 02:17:34,66,64,28,31,1,2,45,5,52,3,24,1530,0,9,8100,7900,50,3,105,98,240000,760000,2400,1800
2025-05-23 02:17:35,66,64,28,31,1,2,45,5,52,3,24,1530,0,9,8100,7900,50,3,105,98,240000,760000,2400,1800
2025-05-23 02:17:35,66,64,28,31,1,2,45,5,52,3,24,1530,0,9,8100,7900,50,3,105,98,240000,760000,2400,1800
2025-05-23 02:17:36,66,64,28,31,1,2,45,5,52,3,24,1530,0,9,8100,7900,50,3,105,98,240000,760000,2400,1800
2025-05-23 02:17:36,66,64,28,31,1,2,45,5,52,3,24,1530,0,9,8100,7900,50,3,105,98,240000,760000,2400,1800
2025-05-23 02:17:37,66,64,28,31,1,2,45,5,52,3,24,1530,0,9,8100,7900,50,3,105,98,240000,760000,2400,1800
2025-05-23 02:17:37,66,64,28,31,1,2,45,5,52,3,24,1530,0,9,8100,7900,50,3,105,98,240000,760000,2400,1800
2025-05-23 02:17:38,66,64,28,31,1,2,45,5,52,3,24,1530,0,9,8100,7900,50,3,105,98,240000,760000,2400,1800
2025-05-23 02:17:38,66,64,28,31,1,2,45,5,52,3,24,1530,0,9,8100,7900,50,3,105,98,240000,760000,2400,1800
2025-05-23 02:17:39,66,64,28,31,1,2,45,5,52,3,24,1530,0,9,8100,7900,50,3,105,98,240000,760000,2400,1800
2025-05-23 02:17:39,66,64,28,31,1,2,45,5,52,3,24,1530,0,9,8100,7900,50,3,105,98,240000,760000,2400,1800
2025-05-23 02:17:40,66,64,28,31,1,2,45,5,52,3,24,1530,0,9,8100,7900,50,3,105,98,240000,760000,2400,1800
2025-05-23 02:17:40,66,64,28,31,1,2,45,5,52,3,24,1530,0,9,8100,7900,50,3,105,98,240000,760000,2400,1800
2025-05-23 02:17:41,66,64,28,31,1,2,45,5,52,3,24,1530,0,9,8100,7900,50,3,105,98,240000,760000,2400,1800
2025-05-23 02:17:41,66,64,28,31,1,2,45,5,52,3,24,1530,0,9,8100,7900,50,3,105,98,240000,760000,2400,1800
2025-05-23 02:17:42,66,64,28,31,1,2,45,5,52,3,24,1530,0,9,8100,7900,50,3,105,98,240000,760000,2400,1800
2025-05-23 02:17:42,66,64,28,31,1,2,45,5,52,3,24,1530,0,9,8100,7900,50,3,105,98,240000,760000,2400,1800
2025-05-23 02:17:43,66,64,28,31,1,2,45,5,52,3,24,1530,0,9,8100,7900,50,3,105,98,240000,760000,2400,1800
2025-05-23 02:17:43,66,64,28,31,1,2,45,5,52,3,24,1530,0,9,8100,7900,50,3,105,98,240000,760000,2400,1800
2025-05-23 02:17:44,66,64,28,31,1,2,45,5,52,3,24,1530,0,9,8100,7900,50,3,105,98,240000,760000,2400,1800
2025-05-23 02:17:44,66,64,28,31,1,2,45,5,52,3,24,1530,0,9,8100,7900,50,3,105,98,240000,760000,2400,1800
2025-05-23 02:17:45,66,64,28,31,1,2,45,5,52,3,24,1530,0,9,8100,7900,50,3,105,98,240000,760000,2400,1800
2025-05-23 02:17:45,66,64,28,31,1,2,45,5,52,3,24,1530,0,9,8100,7900,50,3,105,98,240000,760000,2400,1800
2025-05-23 02:17:46,66,64,28,31,1,2,45,5,52,3,24,1530,0,9,8100,7900,50,3,105,98,240000,760000,2400,1800
2025-05-23 02:17:46,66,64,28,31,1,2,45,5,52,3,24,1530,0,9,8100,7900,50,3,105,98,240000,760000,2400,1800
2025-05-23 02:17:47,66,64,28,31,1,2,45,5,52,3,24,1530,0,9,8100,7900,50,3,105,98,240000,760000,2400,1800
2025-05-23 02:17:47,66,64,28,31,1,2,45,5,52,3,24,1530,0,9,8100,7900,50,3,105,98,240000,760000,2400,1800
2025-05-23 02:17:48,66,64,28,31,1,2,45,5,52,3,24,1530,0,9,8100,7900,50,3,105,98,240000,760000,2400,1800
2025-05-23 02:17:48,66,64,28,31,1,2,45,5,52,3,24,1530,0,9,8100,7900,50,3,105,98,240000,760000,2400,1800
2025-05-23 02:17:49,66,64,28,31,1,2,45,5,52,3,24,1530,0,9,8100,7900,50,3,105,98,240000,760000,2400,1800
2025-05-23 02:17:49,66,64,28,31,1,2,45,5,52,3,24,1530,0,9,8100,7900,50,3,105,98,240000,760000,2400,1800
2025-05-23 02:17:50,66,64,28,31,1,2,45,5,52,3,24,1530,0,9,8100,7900,50,3,105,98,240000,760000,2400,1800
2025-05-23 02:17:50,66,64,28,31,1,2,45,5,52,3,24,1530,0,9,8100,7900,50,3,105,98,240000,760000,2400,1800
2025-05-23 02:17:51,66,64,28,31,1,2,45,5,52,3,24,1530,0,9,8100,7900,50,3,105,98,240000,760000,2400,1800
2025-05-23 02:17:51,66,64,28,31,1,2,45,5,52,3,24,1530,0,9,8100,7900,50,3,105,98,240000,760000,2400,1800
2025-05-23 02:17:52,66,64,28,31,1,2,45,5,52,3,24,1530,0,9,8100,7900,50,3,105,98,240000,760000,2400,1800
2025-05-23 02:17:52,66,64,28,31,1,2,45,5,52,3,24,1530,0,9,8100,7900,50,3,105,98,240000,760000,2400,1800
2025-05-23 02:17:53,66,64,28,31,1,2,45,5,52,3,24,1530,0,9,8100,7900,50,3,105,98,240000,760000,2400,1800
2025-05-23 02:17:53,66,64,28,31,1,2,45,5,52,3,24,1530,0,9,8100,7900,50,3,105,98,240000,760000,2400,1800
2025-05-23 02:17:54,66,64,28,31,1,2,45,5,52,3,24,1530,0,9,8100,7900,50,3,105,98,240000,760000,2400,1800
2025-05-23 02:17:54,66,64,28,31,1,2,45,5,52,3,24,1530,0,9,8100,7900,50,3,105,98,240000,760000,2400,1800
2025-05-23 02:17:55,66,64,28,31,1,2,45,5,52,3,24,1530,0,9,8100,7900,50,3,105,98,240000,760000,2400,1800
2025-05-23 02:17:55,66,64,28,31,1,2,45,5,52,3,24,1530,0,9,8100,7900,50,3,105,98,240000,760000,2400,1800
2025-05-23 02:17:56,66,64,28,31,1,2,45,5,52,3,24,1530,0,9,8100,7900,50,3,105,98,240000,760000,2400,1800
2025-05-23 02:17:56,66,64,28,31,1,2,45,5,52,3,24,1530,0,9,8100,7900,50,3,105,98,240000,760000,2400,1800
2025-05-23 02:17:57,66,64,28,31,1,2,45,5,52,3,24,1530,0,9,8100,7900,50,3,105,98,240000,760000,2400,1800
2025-05-23 02:17:57,66,64,28,31,1,2,45,5,52,3,24,1530,0,9,8100,7900,50,3,105,98,240000,760000,2400,1800
2025-05-23 02:17:58,66,64,28,31,1,2,45,5,52,3,24,1530,0,9,8100,7900,50,3,105,98,240000,760000,2400,1800
2025-05-23 02:17:58,66,64,28,31,1,2,45,5,52,3,24,1530,0,9,8100,7900,50,3,105,98,240000,760000,2400,1800
2025-05-23 02:17:59,66,64,28,31,1,2,45,5,52,3,24,1530,0,9,8100,7900,50,3,105,98,240000,760000,2400,1800
2025-05-23 02:17:59,66,64,28,31,1,2,45,5,52,3,24,1530,0,9,8100,7900,50,3,105,98,240000,760000,2400,1800
2025-05-23 02:18:00,66,64,28,31,1,2,45,5,52,3,24,1530,0,9,8100,7900,50,3,105,98,240000,760000,2400,1800
2025-05-23 02:18:00,66,64,28,31,1,2,45,5,52,3,24,1530,0,9,8100,7900,50,3,105,98,240000,760000,2400,1800
2025-05-23 02:18:01,66,64,28,31,1,2,45,5,52,3,24,1530,0,9,8100,7900,50,3,105,98,240000,760000,2400,1800
2025-05-23 02:18:01,66,64,28,31,1,2,45,5,52,3,24,1530,0,9,8100,7900,50,3,105,98,240000,760000,2400,1800
2025-05-23 02:18:02,66,64,28,31,1,2,45,5,52,3,24,1530,0,9,8100,7900,50,3,105,98,240000,760000,2400,1800
2025-05-23 02:18:02,66,64,28,31,1,2,45,5,52,3,24,1530,0,9,8100,7900,50,3,105,98,240000,760000,2400,1800
2025-05-23 02:18:03,66,64,28,31,1,2,45,5,52,3,24,1530,0,9,8100,7900,50,3,105,98,240000,760000,2400,1800
2025-05-23 02:18:03,66,64,28,31,1,2,45,5,52,3,24,1530,0,9,8100,7900,50,3,105,98,240000,760000,2400,1800
2025-05-23 02:18:04,66,64,28,31,1,2,45,5,52,3,24,1530,0,9,8100,7900,50,3,105,98,240000,760000,2400,1800
2025-05-23 02:18:04,66,64,28,31,1,2,45,5,52,3,24,1530,0,9,8100,7900,50,3,105,98,240000,760000,2400,1800
2025-05-23 02:18:05,66,64,28,31,1,2,45,5,52,3,24,1530,0,9,8100,7900,50,3,105,98,240000,760000,2400,1800
2025-05-23 02:18:05,66,64,28,31,1,2,45,5,52,3,24,1530,0,9,8100,7900,50,3,105,98,240000,760000,2400,1800
2025-05-23 02:18:06,66,64,28,31,1,2,45,5,52,3,24,1530,0,9,8100,7900,50,3,105,98,240000,760000,2400,1800
2025-05-23 02:18:06,66,64,28,31,1,2,45,5,52,3,24,1530,0,9,8100,7900,50,3,105,98,240000,760000,2400,1800
2025-05-23 02:18:07,66,64,28,31,1,2,45,5,52,3,24,1530,0,9,8100,7900,50,3,105,98,240000,760000,2400,1800
2025-05-23 02:18:07,66,64,28,31,1,2,45,5,52,3,24,1530,0,9,8100,7900,50,3,105,98,240000,760000,2400,1800
2025-05-23 02:18:08,66,64,28,31,1,2,45,5,52,3,24,1530,0,9,8100,7900,50,3,105,98,240000,760000,2400,1800
2025-05-23 02:18:08,66,64,28,31,1,2,45,5,52,3,24,1530,0,9,8100,7900,50,3,105,98,240000,760000,2400,1800
2025-05-23 02:18:09,66,64,28,31,1,2,45,5,52,3,24,1530,0,9,8100,7900,50,3,105,98,240000,760000,2400,1800
2025-05-23 02:18:09,66,64,28,31,1,2,45,5,52,3,24,1530,0,9,8100,7900,50,3,105,98,240000,760000,2400,1800
2025-05-23 02:18:10,66,64,28,31,1,2,45,5,52,3,24,1530,0,9,8100,7900,50,3,105,98,240000,760000,2400,1800
2025-05-23 02:18:10,66,64,28,31,1,2,45,5,52,3,24,1530,0,9,8100,7900,50,3,105,98,240000,760000,2400,1800
2025-05-23 02:18:11,66,64,28,31,1,2,45,5,52,3,24,1530,0,9,8100,7900,50,3,105,98,240000,760000,2400,1800
2025-05-23 02:18:11,66,64,28,31,1,2,45,5,52,3,24,1530,0,9,8100,7900,50,3,105,98,240000,760000,2400,1800
2025-05-23 02:18:12,66,64,28,31,1,2,45,5,52,3,24,1530,0,9,8100,7900,50,3,105,98,240000,760000,2400,1800
2025-05-23 02:18:12,66,64,28,31,1,2,45,5,52,3,24,1530,0,9,8100,7900,50,3,105,98,240000,760000,2400,1800
2025-05-23 02:18:13,66,64,28,31,1,2,45,5,52,3,24,1530,0,9,8100,7900,50,3,105,98,240000,760000,2400,1800
2025-05-23 02:18:13,66,64,28,31,1,2,45,5,52,3,24,1530,0,9,8100,7900,50,3,105,98,240000,760000,2400,1800
2025-05-23 02:18:14,66,64,28,31,1,2,45,5,52,3,24,1530,0,9,8100,7900,50,3,105,98,240000,760000,2400,1800
2025-05-23 02:18:14,66,64,28,31,1,2,45,5,52,3,24,1530,0,9,8100,7900,50,3,105,98,240000,760000,2400,1800
2025-05-23 02:18:15,66,64,28,31,1,2,45,5,52,3,24,1530,0,9,8100,7900,50,3,105,98,240000,760000,2400,1800
2025-05-23 02:18:15,66,64,28,31,1,2,45,5,52,3,24,1530,0,9,8100,7900,50,3,105,98,240000,760000,2400,1800
2025-05-23 02:18:16,66,64,28,31,1,2,45,5,52,3,24,1530,0,9,8100,7900,50,3,105,98,240000,760000,2400,1800
2025-05-23 02:18:16,66,64,28,31,1,2,45,5,52,3,24,1530,0,9,8100,7900,50,3,105,98,240000,760000,2400,1800
2025-05-23 02:18:17,66,64,28,31,1,2,45,5,52,3,24,1530,0,9,8100,7900,50,3,105,98,240000,760000,2400,1800
2025-05-23 02:18:17,66,64,28,31,1,2,45,5,52,3,24,1530,0,9,8100,7900,50,3,105,98,240000,760000,2400,1800
2025-05-23 02:18:18,66,64,28,31,1,2,45,5,52,3,24,1530,0,9,8100,7900,50,3,105,98,240000,760000,2400,1800
2025-05-23 02:18:18,66,64,28,31,1,2,45,5,52,3,24,1530,0,9,8100,7900,50,3,105,98,240000,760000,2400,1800
